0.009367,0.000000,0.000000,0.000000,0.000000,0.000000,0.000924,0.000000,0.000000,0.000000,0.000000,0.000431,0.011338,0.000000,0.000062,0.000000,0.005053,0.000000,0.000000,0.000000,0.000000,0.000000,0.001232,0.003143,1.000000,1725.0
0.034594,0.001516,0.001264,0.000158,0.075159,0.019366,0.037342,0.000126,0.000063,0.000190,0.000000,0.000063,0.000190,0.000000,0.000032,0.000000,0.148675,0.000032,0.000000,0.000000,0.000063,0.222633,0.001453,0.002907,1.000000,1570.0
0.022788,0.000000,0.000000,0.000581,0.000233,0.000116,0.002558,0.011859,0.000116,0.000000,0.000000,0.000000,0.000233,0.000233,0.000233,0.000000,0.012905,0.000000,0.000000,0.000233,0.000814,0.001628,0.020114,0.000930,1.000000,1856.0
0.024205,0.000000,0.000000,0.000978,0.000244,0.000000,0.008068,0.002200,0.000000,0.000000,0.000000,0.000000,0.000000,0.000000,0.000000,0.001222,0.023472,0.019560,0.000000,0.000000,0.000000,0.003423,0.001711,0.002689,1.000000,1690.0
0.011597,0.000000,0.000000,0.000527,0.000000,0.000000,0.000527,0.000000,0.000000,0.000000,0.000000,0.000000,0.000527,0.000527,0.000000,0.000000,0.004217,0.000000,0.011070,0.000000,0.000000,0.000000,0.007907,0.000000,0.483395,1897.0
0.023667,0.002232,0.051054,0.000142,0.000319,0.000461,0.050310,0.000177,0.000106,0.000461,0.000000,0.000213,0.000354,0.000000,0.000142,0.000390,0.121878,0.000283,0.000071,0.000106,0.000213,0.011408,0.006129,0.018990,1.000000,1647.0
0.026390,0.000472,0.000472,0.000018,0.000744,0.000599,0.041008,0.000018,0.000091,0.000109,0.000000,0.030616,0.000073,0.000036,0.000127,0.000073,0.165757,0.000000,0.000000,0.000018,0.000036,0.016958,0.000762,0.006983,1.000000,1623.0
0.017356,0.000335,0.000252,0.018026,0.000084,0.000084,0.004611,0.000084,0.000000,0.000168,0.000000,0.000000,0.000084,0.000503,0.000000,0.000000,0.011067,0.000084,0.000168,0.000335,0.000252,0.001006,0.043599,0.001928,1.000000,1840.0
0.008204,0.036820,0.000195,0.000000,0.000195,0.002246,0.025295,0.000586,0.000000,0.000098,0.000000,0.000391,0.000098,0.000000,0.000000,0.000098,0.198945,0.000000,0.000000,0.000098,0.000293,0.040629,0.003028,0.005079,1.000000,1593.0
0.053728,0.001914,0.000142,0.000213,0.045435,0.008010,0.011979,0.000071,0.000000,0.000284,0.000000,0.000354,0.000071,0.000000,0.000071,0.000000,0.126807,0.000071,0.000000,0.000000,0.000284,0.097604,0.003615,0.004607,1.000000,1584.0
0.031932,0.002513,0.003861,0.000000,0.000429,0.000552,0.074712,0.000061,0.000245,0.000858,0.000000,0.020532,0.000245,0.000000,0.000123,0.000123,0.154940,0.000123,0.000123,0.000000,0.000000,0.036345,0.003126,0.011339,1.000000,1615.0
0.030723,0.000209,0.000697,0.000070,0.000139,0.000139,0.014212,0.000070,0.000279,0.000662,0.000000,0.000209,0.002055,0.000035,0.000105,0.000244,0.012610,0.024453,0.000139,0.000000,0.000383,0.010798,0.002090,0.007698,1.000000,1693.0
0.001375,0.000000,0.000046,0.000000,0.000046,0.000000,0.000917,0.000000,0.000046,0.000092,0.000000,0.000000,0.000229,0.000000,0.000000,0.000183,0.006004,0.036623,0.000000,0.000000,0.000000,0.000046,0.000733,0.008755,1.000000,1692.0
0.018594,0.001504,0.034113,0.000068,0.000000,0.000479,0.036642,0.000068,0.000068,0.000137,0.000000,0.000068,0.000205,0.000000,0.000068,0.000068,0.126607,0.000000,0.000000,0.000000,0.000000,0.013604,0.002119,0.015860,1.000000,1640.0
0.011264,0.026283,0.000626,0.000000,0.000626,0.000626,0.015645,0.000626,0.000000,0.000000,0.000000,0.000000,0.000000,0.000000,0.000000,0.000000,0.139549,0.000000,0.000000,0.000000,0.000000,0.031915,0.002503,0.006884,0.625156,1598.0
0.027331,0.000130,0.000029,0.030387,0.000000,0.000202,0.002090,0.000202,0.000043,0.000000,0.000014,0.000014,0.000029,0.000014,0.000043,0.000014,0.018466,0.000000,0.000014,0.000000,0.000058,0.001888,0.034452,0.001355,1.000000,1832.0
0.003025,0.000340,0.000255,0.000102,0.000034,0.000034,0.005217,0.000000,0.000051,0.013732,0.000000,0.000340,0.000136,0.000034,0.000017,0.000136,0.030591,0.000000,0.000034,0.000000,0.000119,0.003178,0.002141,0.018847,1.000000,1662.0
0.012935,0.026722,0.000037,0.000074,0.000111,0.000889,0.012304,0.000037,0.000074,0.000037,0.000000,0.000074,0.000000,0.000000,0.000037,0.000000,0.201023,0.000000,0.000000,0.000000,0.000074,0.031502,0.001260,0.003817,1.000000,1604.0
0.024691,0.023096,0.000591,0.000156,0.000140,0.001673,0.026333,0.000125,0.000016,0.000366,0.000023,0.000451,0.000109,0.000039,0.000117,0.000101,0.188844,0.000016,0.000039,0.000008,0.000062,0.019960,0.001899,0.005572,1.000000,1597.0
0.024149,0.000596,0.000130,0.000050,0.000370,0.065738,0.014938,0.000020,0.000010,0.000110,0.000080,0.000265,0.000040,0.000005,0.000025,0.000055,0.177010,0.000060,0.000030,0.000010,0.000030,0.112453,0.001261,0.005562,1.000000,1567.0
0.011508,0.000146,0.000205,0.000039,0.000146,0.000117,0.004063,0.000058,0.000049,0.009023,0.000049,0.000029,0.000195,0.000000,0.000000,0.000244,0.016302,0.000039,0.000029,0.000029,0.000088,0.001734,0.001501,0.015532,1.000000,1668.0
0.026242,0.000217,0.000651,0.000000,0.000434,0.000000,0.012579,0.000000,0.011277,0.000000,0.000217,0.000000,0.001952,0.000000,0.000217,0.000000,0.013012,0.000434,0.000217,0.000000,0.000000,0.007157,0.002602,0.001518,1.000000,1734.0
0.006819,0.000033,0.000000,0.000000,0.000000,0.000000,0.001142,0.000000,0.000098,0.000000,0.000000,0.000000,0.000033,0.000131,0.000098,0.000065,0.010180,0.000000,0.000000,0.000000,0.027570,0.000261,0.004176,0.001958,1.000000,1761.0
0.020281,0.028786,0.000218,0.000109,0.000218,0.001527,0.026388,0.000218,0.000000,0.000000,0.000000,0.000763,0.000000,0.000109,0.000109,0.000327,0.167703,0.000218,0.000000,0.000000,0.000000,0.039581,0.001308,0.003598,1.000000,1597.0
0.017351,0.002082,0.000159,0.000130,0.029107,0.032172,0.017221,0.000072,0.000043,0.000101,0.000000,0.000333,0.000043,0.000000,0.000029,0.000130,0.208086,0.000043,0.000029,0.000014,0.000116,0.191212,0.002082,0.006449,1.000000,1578.0
0.009938,0.000621,0.002484,0.000000,0.000621,0.001863,0.021739,0.000000,0.000621,0.000000,0.000000,0.008696,0.000000,0.000000,0.000000,0.000621,0.050311,0.000000,0.000000,0.000000,0.000000,0.020497,0.000621,0.004348,0.333540,1610.0
0.011734,0.000721,0.029630,0.000000,0.000328,0.000000,0.032121,0.000197,0.000000,0.000852,0.000000,0.000131,0.000524,0.000066,0.000066,0.000393,0.028646,0.000197,0.000000,0.000066,0.000197,0.007866,0.004064,0.016126,1.000000,1644.0
0.082225,0.000170,0.000000,0.000425,0.000000,0.000000,0.000807,0.018060,0.000042,0.000042,0.000000,0.000000,0.000000,0.000000,0.000042,0.000000,0.004377,0.000000,0.000042,0.000000,0.000042,0.000977,0.004079,0.002040,1.000000,1866.0
0.050284,0.000318,0.000078,0.000249,0.000028,0.000364,0.001884,0.045619,0.000240,0.000034,0.000081,0.000016,0.000134,0.000093,0.000209,0.000053,0.010584,0.000019,0.000115,0.000137,0.000159,0.001302,0.008436,0.001196,1.000000,1854.0
0.006387,0.000206,0.000000,0.000000,0.000000,0.000000,0.001648,0.000000,0.000000,0.000206,0.000000,0.000000,0.000206,0.000721,0.000000,0.002472,0.009272,0.000000,0.000000,0.000000,0.000000,0.000927,0.000824,0.003503,1.000000,1678.0
0.008594,0.000079,0.000100,0.000036,0.000029,0.000000,0.001143,0.000014,0.000121,0.000007,0.000021,0.000000,0.000143,0.000093,0.000036,0.000007,0.005058,0.000007,0.000014,0.000014,0.015923,0.000179,0.004772,0.001343,1.000000,1751.0
0.013989,0.000201,0.000335,0.000000,0.000134,0.000067,0.007229,0.000067,0.000201,0.000000,0.000000,0.000067,0.000201,0.000201,0.000201,0.000000,0.016801,0.000134,0.000000,0.000067,0.009906,0.003213,0.006292,0.002544,1.000000,1762.0
0.037776,0.000259,0.000000,0.025682,0.000012,0.000059,0.000789,0.000224,0.000082,0.000000,0.000047,0.000012,0.000059,0.000153,0.000094,0.000000,0.006630,0.000000,0.000024,0.000059,0.000012,0.000294,0.036904,0.001013,1.000000,1841.0
0.035608,0.000182,0.000030,0.000167,0.000015,0.000030,0.001869,0.000228,0.000061,0.000000,0.022812,0.000030,0.000061,0.000091,0.000684,0.000030,0.009027,0.000000,0.000015,0.000015,0.000091,0.000805,0.017386,0.000699,1.000000,1822.0
0.017647,0.000588,0.000588,0.000000,0.000000,0.000000,0.014118,0.000000,0.000000,0.000588,0.000000,0.000000,0.001765,0.000000,0.000000,0.000000,0.007647,0.011765,0.000000,0.000000,0.000000,0.071765,0.002941,0.005882,0.825294,1700.0
0.030119,0.000101,0.000461,0.000043,0.000000,0.000072,0.011226,0.000043,0.000231,0.000029,0.000014,0.000000,0.000058,0.000000,0.000029,0.014743,0.016400,0.000014,0.000000,0.000000,0.000014,0.002565,0.001715,0.004439,1.000000,1680.0
0.084546,0.000356,0.000095,0.000237,0.000024,0.000451,0.002184,0.029669,0.000166,0.000047,0.000095,0.000000,0.000095,0.000071,0.000095,0.000071,0.010752,0.000024,0.000095,0.000190,0.000119,0.000688,0.011013,0.000831,1.000000,1853.0
0.006511,0.000172,0.000172,0.000014,0.000072,0.000501,0.005638,0.000000,0.000029,0.038780,0.000000,0.000043,0.000215,0.000000,0.000014,0.000072,0.030623,0.000014,0.000000,0.000000,0.000057,0.009960,0.000916,0.042858,1.000000,1655.0
0.010781,0.000873,0.000215,0.000000,0.000043,0.000415,0.009980,0.000072,0.000000,0.060851,0.000000,0.000072,0.000215,0.000000,0.000043,0.000072,0.060450,0.000000,0.000043,0.000000,0.000029,0.015463,0.000587,0.056226,1.000000,1655.0
0.040472,0.018887,0.003035,0.000337,0.000337,0.002361,0.029342,0.000000,0.000337,0.000337,0.000337,0.000337,0.000337,0.000000,0.000000,0.000000,0.178752,0.000337,0.000000,0.000000,0.000000,0.053288,0.001349,0.005396,1.000000,1600.0
0.046555,0.001531,0.005289,0.000070,0.030271,0.004802,0.099235,0.000070,0.000139,0.000139,0.000000,0.000209,0.000070,0.000000,0.000000,0.000070,0.158873,0.000070,0.000000,0.000139,0.000000,0.110578,0.002296,0.002853,1.000000,1579.0
0.008257,0.000141,0.000006,0.000045,0.000006,0.000091,0.001409,0.000108,0.000164,0.000034,0.000187,0.000011,0.000130,0.000057,0.023290,0.000045,0.005580,0.000011,0.000017,0.000023,0.000164,0.000577,0.006107,0.001189,1.000000,1792.0
0.010244,0.002509,0.000259,0.000129,0.040719,0.005769,0.020929,0.000026,0.000000,0.000155,0.000000,0.000362,0.000259,0.000000,0.000026,0.000026,0.188255,0.000000,0.000103,0.000000,0.000000,0.094529,0.001371,0.005329,1.000000,1584.0
0.019235,0.001115,0.000730,0.000019,0.000154,0.000135,0.010857,0.000058,0.000077,0.009877,0.000000,0.000096,0.000154,0.000154,0.000115,0.000135,0.038777,0.000058,0.000077,0.000038,0.000058,0.004765,0.003055,0.016679,1.000000,1656.0
0.057559,0.002650,0.001914,0.000442,0.000736,0.001325,0.053437,0.000000,0.000589,0.000294,0.000147,0.031650,0.000442,0.000147,0.000000,0.000147,0.194318,0.000147,0.000000,0.000000,0.000589,0.048579,0.004269,0.010158,1.000000,1622.0
0.012475,0.001062,0.000265,0.000000,0.000000,0.000000,0.001725,0.000265,0.003451,0.000000,0.016191,0.000000,0.000000,0.000000,0.003318,0.000000,0.013271,0.000000,0.000000,0.000000,0.000265,0.001593,0.018713,0.001062,1.000000,1815.0
0.024769,0.000450,0.000225,0.018915,0.000676,0.000000,0.004278,0.000450,0.000225,0.000000,0.000000,0.000000,0.000676,0.000000,0.000450,0.000225,0.022292,0.000225,0.000676,0.000225,0.000225,0.000901,0.030173,0.002027,1.000000,1842.0
0.002875,0.000030,0.000020,0.000081,0.000020,0.000030,0.000711,0.000030,0.017450,0.000010,0.000010,0.000000,0.000356,0.000010,0.000041,0.000061,0.005587,0.000000,0.000010,0.000020,0.000081,0.000325,0.001991,0.001371,1.000000,1744.0
0.016364,0.000433,0.000216,0.000173,0.000130,0.000173,0.005844,0.000216,0.000216,0.000000,0.000043,0.000087,0.000693,0.000130,0.000087,0.000130,0.018355,0.011126,0.000000,0.000000,0.000866,0.031082,0.003636,0.005108,1.000000,1704.0
0.014159,0.000814,0.000185,0.000185,0.000204,0.000296,0.005312,0.000056,0.000666,0.000111,0.000019,0.000019,0.000833,0.046289,0.000333,0.000259,0.026596,0.000056,0.000074,0.000019,0.000740,0.005701,0.010809,0.003683,1.000000,1776.0
0.006857,0.000000,0.000000,0.000000,0.000000,0.000000,0.001143,0.000571,0.000000,0.000000,0.000000,0.000000,0.000000,0.000000,0.000571,0.000000,0.004571,0.000000,0.000000,0.000000,0.001714,0.006286,0.003429,0.001714,0.626286,1750.0
0.013127,0.026310,0.000000,0.000000,0.000221,0.000938,0.014231,0.000055,0.000055,0.000055,0.000000,0.000165,0.000000,0.000000,0.000000,0.000000,0.233149,0.000000,0.000000,0.000000,0.000110,0.030116,0.000662,0.003806,1.000000,1608.0
0.028345,0.000225,0.000574,0.000025,0.000050,0.000100,0.016158,0.000000,0.000375,0.000150,0.000000,0.000100,0.002497,0.000025,0.000025,0.000075,0.014285,0.016308,0.000000,0.000075,0.000250,0.004595,0.002897,0.007093,1.000000,1701.0
0.018854,0.000153,0.000115,0.000057,0.000048,0.000096,0.002676,0.000067,0.000057,0.000019,0.000010,0.000010,0.000105,0.000029,0.000134,0.000048,0.010177,0.000076,0.000029,0.000038,0.017440,0.003937,0.008314,0.002074,1.000000,1753.0
0.028934,0.000311,0.000038,0.000304,0.000008,0.031743,0.002543,0.000046,0.000053,0.000053,0.000068,0.000084,0.000114,0.000061,0.000137,0.000228,0.019330,0.000000,0.000023,0.000076,0.000106,0.001837,0.021152,0.001883,1.000000,1562.0
0.077951,0.003712,0.026479,0.000247,0.000990,0.006187,0.128928,0.000000,0.000000,0.001980,0.000000,0.020787,0.000247,0.000000,0.000000,0.000495,0.100470,0.000247,0.000000,0.000247,0.000000,0.034397,0.002227,0.009899,1.000000,1625.0
0.051620,0.051704,0.001094,0.000056,0.000168,0.000898,0.027213,0.000084,0.000084,0.000140,0.000000,0.000729,0.000224,0.000112,0.000056,0.000140,0.202890,0.000056,0.000084,0.000084,0.000140,0.030467,0.002385,0.005751,1.000000,1609.0
0.000000,0.000000,0.000000,0.000000,0.000000,0.000000,0.000000,0.000000,0.000000,0.000000,0.000000,0.000000,0.000000,0.000000,0.000000,0.000000,0.000000,0.000000,0.000000,0.000000,0.000000,0.000000,0.000000,0.000000,0.000000,1595.0
0.005135,0.000000,0.000000,0.000000,0.000000,0.000000,0.000678,0.000000,0.000209,0.000052,0.000026,0.000000,0.009149,0.000026,0.000052,0.000026,0.004588,0.000026,0.000000,0.000026,0.000052,0.000365,0.001277,0.006855,1.000000,1725.0
0.006296,0.000000,0.000000,0.000000,0.000000,0.000000,0.000437,0.000087,0.000000,0.000000,0.000000,0.000000,0.015391,0.000000,0.000000,0.000175,0.005859,0.000000,0.000000,0.000000,0.000087,0.000000,0.002099,0.005072,1.000000,1725.0
0.006485,0.000156,0.000039,0.008478,0.000000,0.000000,0.001797,0.000117,0.000078,0.000000,0.000000,0.000000,0.000117,0.000117,0.000078,0.000000,0.003438,0.000000,0.000000,0.000000,0.000860,0.000352,0.029887,0.000899,1.000000,1844.0
0.028446,0.000627,0.000000,0.000418,0.000209,0.000418,0.003347,0.012968,0.000000,0.000000,0.000209,0.000000,0.000000,0.000837,0.000209,0.000209,0.009831,0.000000,0.000627,0.000209,0.000000,0.002301,0.032629,0.002092,1.000000,1869.0
0.017030,0.044524,0.000462,0.000000,0.000000,0.001385,0.011182,0.000103,0.000000,0.000000,0.000000,0.000256,0.000000,0.000000,0.000000,0.000000,0.222262,0.000051,0.000000,0.000000,0.000000,0.041344,0.000410,0.002513,1.000000,1594.0
0.071865,0.000200,0.000024,0.000130,0.000035,0.000035,0.001825,0.034190,0.000082,0.000012,0.000141,0.000000,0.000024,0.000024,0.000212,0.000035,0.008680,0.000000,0.000012,0.000082,0.000106,0.002403,0.013520,0.000506,1.000000,1855.0
0.021472,0.004090,0.002556,0.000000,0.001022,0.002556,0.039877,0.000000,0.000511,0.000000,0.000000,0.032720,0.000511,0.000000,0.000000,0.000511,0.195808,0.000000,0.000000,0.000000,0.000000,0.037832,0.003579,0.011247,1.000000,1614.0
0.002872,0.000000,0.000000,0.000000,0.000000,0.000000,0.001723,0.000000,0.000574,0.000000,0.000000,0.000000,0.000574,0.000000,0.000000,0.000000,0.003446,0.000000,0.000000,0.000000,0.000574,0.000574,0.001149,0.001149,0.701895,1741.0
0.015675,0.000060,0.000000,0.000000,0.000000,0.000000,0.000723,0.000000,0.000060,0.000060,0.000000,0.000000,0.000121,0.000000,0.000000,0.026165,0.008802,0.000000,0.000000,0.000000,0.000060,0.001266,0.000663,0.008681,1.000000,1689.0
0.007681,0.000059,0.000017,0.000017,0.000000,0.000008,0.001122,0.000017,0.000042,0.000008,0.000000,0.000034,0.009239,0.000168,0.000025,0.000025,0.004439,0.000059,0.000008,0.000067,0.000126,0.000369,0.004305,0.002069,1.000000,1719.0
0.022880,0.003025,0.000378,0.000000,0.027040,0.011251,0.035832,0.000000,0.000095,0.000473,0.000000,0.000851,0.000095,0.000000,0.000189,0.000095,0.197977,0.000000,0.000000,0.000000,0.000473,0.140588,0.003120,0.006713,1.000000,1579.0
0.000000,0.000000,0.003047,0.000000,0.000000,0.000000,0.007313,0.000000,0.000000,0.000000,0.000000,0.000000,0.000000,0.000000,0.000000,0.000000,0.007922,0.000000,0.000000,0.000000,0.000000,0.003047,0.000609,0.003656,0.248629,1641.0
0.025067,0.000243,0.000000,0.000081,0.000324,0.000162,0.006652,0.000081,0.000000,0.000000,0.000000,0.000000,0.010708,0.000081,0.000243,0.000081,0.012168,0.000730,0.000000,0.000081,0.000000,0.005030,0.002677,0.003326,1.000000,1729.0
0.041817,0.000560,0.015461,0.000129,0.000345,0.000043,0.051249,0.000000,0.000000,0.000172,0.000000,0.000086,0.000345,0.000129,0.000086,0.000086,0.078338,0.000215,0.000000,0.000000,0.000129,0.020327,0.002024,0.007838,1.000000,1640.0
0.040018,0.004398,0.003078,0.000880,0.167986,0.023307,0.190413,0.000000,0.000440,0.000000,0.000880,0.001759,0.002639,0.000000,0.000000,0.000440,0.228672,0.000880,0.000000,0.000000,0.000000,0.249340,0.006596,0.009675,1.000000,1580.0
0.074064,0.000184,0.000000,0.000131,0.000026,0.000039,0.001143,0.041517,0.000013,0.000000,0.000105,0.000000,0.000105,0.000000,0.000144,0.000026,0.007237,0.000000,0.000013,0.000026,0.000026,0.000867,0.008669,0.000486,1.000000,1852.0
0.047134,0.000369,0.000211,0.000137,0.000021,0.000053,0.005025,0.000126,0.000274,0.000137,0.000000,0.000063,0.000653,0.000053,0.000105,0.000569,0.015645,0.014001,0.000011,0.000011,0.000158,0.001875,0.003255,0.008618,1.000000,1692.0
0.018117,0.000167,0.000201,0.000117,0.000017,0.000284,0.004667,0.000117,0.000217,0.000217,0.000000,0.000050,0.000385,0.000050,0.000184,0.023671,0.019690,0.000100,0.000000,0.000017,0.000167,0.001807,0.001991,0.005688,1.000000,1683.0
0.010647,0.000038,0.000095,0.000000,0.000019,0.000000,0.003061,0.000019,0.000038,0.000095,0.000019,0.000019,0.000418,0.000000,0.000000,0.010818,0.015989,0.000152,0.000019,0.000000,0.000019,0.001711,0.002662,0.010533,1.000000,1687.0
0.007159,0.000389,0.000233,0.000078,0.000156,0.000156,0.012217,0.000000,0.000000,0.000000,0.000000,0.007859,0.000000,0.000000,0.000000,0.000156,0.173216,0.000000,0.000000,0.000000,0.000000,0.011283,0.002257,0.002957,1.000000,1620.0
0.041043,0.000471,0.000067,0.000134,0.000235,0.000370,0.002487,0.005714,0.000202,0.000134,0.000067,0.000034,0.000235,0.000101,0.031497,0.000034,0.007967,0.000101,0.000000,0.000235,0.000168,0.004740,0.010824,0.003698,1.000000,1792.0
0.011504,0.000342,0.000139,0.000038,0.000582,0.351963,0.006809,0.000025,0.000025,0.000392,0.000013,0.000076,0.000025,0.000013,0.000152,0.000101,0.117599,0.000038,0.000000,0.000025,0.000038,0.134774,0.002822,0.000873,1.000000,1565.0
0.076134,0.079682,0.005392,0.000080,0.000722,0.002325,0.122078,0.000040,0.000100,0.000160,0.000000,0.000100,0.000140,0.000020,0.000020,0.000301,0.190374,0.000221,0.000000,0.000040,0.000000,0.049553,0.001764,0.007557,1.000000,1599.0
0.006587,0.000044,0.000009,0.000000,0.000000,0.000026,0.001129,0.000026,0.000106,0.000044,0.000009,0.000000,0.003368,0.000018,0.000009,0.000079,0.003536,0.000053,0.000000,0.000026,0.000088,0.000335,0.000855,0.002795,1.000000,1722.0
0.026963,0.000162,0.000030,0.000089,0.000000,0.000089,0.000620,0.000251,0.000472,0.000030,0.001180,0.000030,0.000133,0.001003,0.018467,0.000015,0.005620,0.000015,0.000000,0.000133,0.000044,0.000207,0.008880,0.000605,1.000000,1794.0
0.118271,0.000253,0.000030,0.013010,0.000030,0.000030,0.000686,0.002206,0.000104,0.000015,0.000119,0.000015,0.000075,0.000060,0.000134,0.000030,0.005872,0.000030,0.000000,0.000238,0.000075,0.000358,0.025589,0.001699,1.000000,1834.0
0.014011,0.002335,0.000403,0.000081,0.000322,0.000564,0.017031,0.000040,0.000040,0.000161,0.000040,0.031807,0.000000,0.000000,0.000121,0.000081,0.212385,0.000040,0.000201,0.000000,0.000040,0.016427,0.001892,0.007891,1.000000,1613.0
0.004533,0.001218,0.000622,0.000052,0.000078,0.000725,0.045463,0.000000,0.000052,0.000155,0.000000,0.039608,0.000337,0.000000,0.000000,0.000207,0.186022,0.000000,0.000026,0.000078,0.000104,0.018237,0.000674,0.007253,1.000000,1621.0
0.011605,0.000093,0.000000,0.023996,0.000000,0.000014,0.000816,0.000165,0.000100,0.000021,0.000057,0.000007,0.000036,0.000036,0.000107,0.000007,0.006003,0.000000,0.000021,0.000036,0.000043,0.000315,0.027015,0.000608,1.000000,1837.0
0.007262,0.000064,0.000037,0.000028,0.000000,0.000009,0.002163,0.000009,0.000304,0.000018,0.000000,0.000028,0.009471,0.000230,0.000083,0.000000,0.005393,0.000018,0.000018,0.000028,0.000037,0.000184,0.003304,0.002062,1.000000,1719.0
0.003494,0.000000,0.000000,0.000318,0.000159,0.000318,0.004924,0.000000,0.000000,0.000000,0.000000,0.000318,0.000000,0.006671,0.000635,0.000000,0.005877,0.000000,0.000000,0.000000,0.000000,0.001588,0.010642,0.000635,1.000000,1778.0
0.011538,0.000083,0.000042,0.000104,0.000000,0.000042,0.002276,0.000101,0.018967,0.000024,0.000009,0.000012,0.000095,0.000009,0.000095,0.000060,0.005376,0.000018,0.000012,0.000089,0.000080,0.000503,0.001847,0.001293,1.000000,1749.0
0.021307,0.017926,0.000376,0.000000,0.000107,0.002737,0.028231,0.000054,0.000054,0.000054,0.000054,0.000376,0.000054,0.000000,0.000322,0.000107,0.204058,0.000107,0.000000,0.000000,0.000054,0.054369,0.004777,0.003328,1.000000,1590.0
0.005065,0.000400,0.000000,0.000000,0.000000,0.000000,0.002799,0.000000,0.000000,0.000133,0.000133,0.000000,0.006132,0.000133,0.000000,0.000133,0.007198,0.000267,0.000000,0.000133,0.000133,0.001999,0.005732,0.004932,1.000000,1717.0
0.012092,0.000642,0.000455,0.000027,0.000080,0.000629,0.009216,0.000027,0.000000,0.066600,0.000000,0.000294,0.000254,0.000000,0.000027,0.000054,0.062293,0.000013,0.000013,0.000000,0.000000,0.013256,0.000602,0.060126,1.000000,1655.0
0.041852,0.000537,0.000015,0.000493,0.000000,0.000073,0.001001,0.000232,0.000174,0.000000,0.000609,0.000000,0.000015,0.013404,0.000102,0.000029,0.010561,0.000015,0.000073,0.000029,0.000102,0.000319,0.020788,0.001074,1.000000,1777.0
0.029875,0.000397,0.000040,0.000119,0.000028,0.000103,0.001251,0.023973,0.000143,0.000016,0.000028,0.000040,0.000075,0.000024,0.000079,0.000028,0.008503,0.000091,0.000012,0.000032,0.000099,0.000473,0.006688,0.000643,1.000000,1869.0
0.037865,0.001862,0.003104,0.000000,0.001862,0.001862,0.088765,0.000000,0.000621,0.000000,0.000000,0.050900,0.001241,0.000000,0.000000,0.000000,0.151459,0.000000,0.000000,0.000000,0.000000,0.098696,0.001241,0.004345,0.976412,1611.0
0.056338,0.053629,0.000000,0.000361,0.001264,0.000903,0.022752,0.000361,0.000181,0.001083,0.000000,0.000000,0.000722,0.000000,0.000361,0.000181,0.164861,0.000000,0.000000,0.000000,0.000000,0.062477,0.003792,0.004514,1.000000,1602.0
0.058696,0.001549,0.015177,0.000465,0.000465,0.001549,0.033762,0.000155,0.000000,0.000155,0.000000,0.001549,0.000155,0.000000,0.000000,0.000310,0.158278,0.000000,0.000000,0.000000,0.000000,0.019823,0.001858,0.009602,1.000000,1632.0
0.013581,0.000031,0.000031,0.000061,0.000031,0.000031,0.002564,0.000061,0.000061,0.000000,0.000000,0.000000,0.000214,0.035676,0.000214,0.000214,0.019013,0.000031,0.000000,0.000000,0.000305,0.001465,0.013703,0.001740,1.000000,1786.0
0.018647,0.002152,0.007937,0.000143,0.000430,0.000717,0.039493,0.000048,0.000048,0.000048,0.000048,0.000287,0.000048,0.000000,0.000287,0.000096,0.162085,0.000000,0.000000,0.000000,0.000048,0.011284,0.002534,0.003777,1.000000,1630.0
0.018455,0.001374,0.000174,0.000017,0.019429,0.009497,0.019482,0.000017,0.000000,0.000261,0.000000,0.000157,0.000070,0.000017,0.000070,0.000017,0.167386,0.000000,0.000017,0.000017,0.000226,0.116020,0.000939,0.004279,1.000000,1586.0
0.016115,0.000286,0.000000,0.000286,0.000143,0.000072,0.005228,0.000215,0.000358,0.000072,0.000358,0.000215,0.000286,0.000645,0.000215,0.000072,0.015112,0.000072,0.000358,0.018837,0.001003,0.004011,0.022704,0.002005,1.000000,1876.0
0.006061,0.001460,0.000292,0.000000,0.001534,0.184314,0.013948,0.000073,0.000000,0.000000,0.000073,0.000146,0.000000,0.000000,0.000073,0.000146,0.131006,0.000000,0.000000,0.000000,0.000073,0.193077,0.000730,0.004747,1.000000,1555.0
0.014679,0.000722,0.000775,0.000027,0.000080,0.000187,0.013155,0.000107,0.000053,0.033690,0.000000,0.000080,0.000267,0.000027,0.000134,0.000027,0.075588,0.000107,0.000000,0.000000,0.000080,0.007433,0.004385,0.030829,1.000000,1650.0
0.037817,0.000246,0.000100,0.000201,0.000045,0.000167,0.002914,0.000156,0.000313,0.000067,0.000112,0.000033,0.000413,0.000190,0.016134,0.000089,0.008977,0.000078,0.000033,0.000056,0.000324,0.000994,0.013476,0.002188,1.000000,1792.0
0.007344,0.001224,0.003672,0.000000,0.000612,0.000000,0.012240,0.000000,0.000000,0.000612,0.000000,0.000000,0.000000,0.000000,0.000000,0.000000,0.011016,0.000000,0.000000,0.000000,0.000000,0.003060,0.000000,0.005508,0.546512,1634.0
0.016928,0.035047,0.000105,0.000035,0.000386,0.004416,0.013984,0.000035,0.000035,0.000105,0.000000,0.000070,0.000035,0.000000,0.000035,0.000070,0.223426,0.000000,0.000000,0.000000,0.000140,0.048260,0.000561,0.004065,1.000000,1590.0
0.008587,0.001043,0.000319,0.000000,0.000014,0.000188,0.004749,0.000029,0.000058,0.011584,0.000000,0.000637,0.000188,0.000000,0.000000,0.000116,0.026238,0.000058,0.000014,0.000000,0.000000,0.001361,0.002273,0.019968,1.000000,1655.0
0.009001,0.000046,0.000000,0.000046,0.000000,0.000046,0.000618,0.000000,0.000046,0.000000,0.000046,0.000000,0.000023,0.000023,0.000046,0.000000,0.006092,0.000000,0.000000,0.000000,0.013421,0.005245,0.002176,0.000847,1.000000,1753.0
0.000000,0.000000,0.000000,0.000000,0.000000,0.000000,0.000000,0.000000,0.000000,0.000000,0.000000,0.000000,0.000000,0.000000,0.000000,0.000000,0.000000,0.000000,0.000000,0.000000,0.000000,0.000000,0.000000,0.000000,0.000000,1578.0
0.027116,0.000978,0.000000,0.000044,0.030805,0.014758,0.014047,0.000044,0.000000,0.000222,0.000000,0.000089,0.000044,0.000000,0.000044,0.000000,0.160028,0.000000,0.000044,0.000089,0.000044,0.161851,0.001245,0.004001,1.000000,1573.0
0.014373,0.000368,0.000105,0.000018,0.000000,0.000526,0.002419,0.000000,0.000000,0.010833,0.000000,0.000018,0.000088,0.000000,0.000018,0.000053,0.012480,0.000000,0.000000,0.000000,0.000035,0.000508,0.001507,0.032918,1.000000,1669.0
0.004086,0.000000,0.000000,0.000000,0.000000,0.000584,0.002335,0.000000,0.000000,0.000000,0.000000,0.000000,0.006421,0.000000,0.000000,0.000000,0.008757,0.000000,0.000000,0.000000,0.000000,0.001168,0.005254,0.001168,0.235260,1713.0
0.051850,0.000255,0.000146,0.000218,0.000000,0.000109,0.001347,0.000182,0.000146,0.000000,0.009139,0.000000,0.000036,0.000255,0.000291,0.000073,0.011251,0.000000,0.000000,0.000146,0.000109,0.000510,0.024505,0.001274,1.000000,1824.0
0.010828,0.000637,0.000637,0.000637,0.014013,0.028025,0.008917,0.000000,0.000000,0.000000,0.000000,0.000000,0.000000,0.000000,0.000000,0.000000,0.066242,0.000000,0.000000,0.000000,0.000000,0.073248,0.001911,0.000637,0.640127,1570.0
0.009262,0.021925,0.000061,0.000273,0.000091,0.003189,0.012633,0.000000,0.000000,0.000000,0.000000,0.000213,0.000121,0.000030,0.000000,0.000000,0.240115,0.000000,0.000000,0.000000,0.000030,0.046918,0.001640,0.004525,1.000000,1598.0
0.010885,0.000308,0.000103,0.000411,0.000000,0.000000,0.003491,0.000205,0.000462,0.000000,0.000205,0.000154,0.000257,0.005699,0.000359,0.000051,0.016893,0.000103,0.000051,0.000051,0.000565,0.003491,0.008883,0.002875,1.000000,1783.0
0.014671,0.000127,0.000076,0.000051,0.000000,0.000102,0.001554,0.000000,0.000764,0.000000,0.000025,0.000051,0.000790,0.000000,0.000000,0.026922,0.018084,0.000153,0.000076,0.000000,0.000025,0.001223,0.001808,0.007565,1.000000,1684.0
0.012019,0.000469,0.000059,0.000117,0.000176,0.000293,0.002873,0.000059,0.000117,0.000059,0.000000,0.000000,0.002697,0.000000,0.000000,0.009146,0.019231,0.000059,0.000000,0.000293,0.000059,0.000997,0.001290,0.004925,1.000000,1684.0
0.015192,0.001327,0.001254,0.000074,0.022419,0.007227,0.044912,0.000000,0.000000,0.000147,0.000000,0.000147,0.000000,0.000000,0.000074,0.000000,0.174705,0.000000,0.000000,0.000000,0.000000,0.123820,0.001106,0.005310,1.000000,1582.0
0.033581,0.000482,0.000386,0.000000,0.000000,0.000289,0.017755,0.000675,0.000193,0.000096,0.000096,0.000000,0.011966,0.000000,0.000096,0.000096,0.014475,0.000868,0.000000,0.000000,0.000096,0.009457,0.003570,0.002798,1.000000,1726.0
0.005294,0.000102,0.000000,0.000023,0.000008,0.000039,0.000758,0.000055,0.000493,0.000016,0.000227,0.000070,0.000039,0.000000,0.009969,0.000023,0.004605,0.000016,0.000023,0.000109,0.000063,0.000219,0.007710,0.001165,1.000000,1794.0
0.040099,0.000000,0.000000,0.000154,0.000000,0.000154,0.002313,0.000000,0.000000,0.000308,0.000000,0.001234,0.000154,0.000000,0.016811,0.000000,0.007557,0.000000,0.000000,0.000000,0.000154,0.000617,0.013109,0.002005,1.000000,1799.0
0.020374,0.000340,0.000000,0.000000,0.000000,0.000000,0.001868,0.000000,0.000000,0.000000,0.000000,0.000000,0.004244,0.000000,0.000000,0.000000,0.007131,0.000000,0.000000,0.000170,0.000679,0.004754,0.002037,0.002207,1.000000,1726.0
0.003963,0.000000,0.000124,0.000000,0.000000,0.000000,0.002848,0.000000,0.000124,0.000000,0.000000,0.000124,0.000124,0.000000,0.000000,0.000248,0.009659,0.021548,0.000000,0.000124,0.000000,0.000867,0.001115,0.006068,1.000000,1699.0
0.032557,0.000085,0.000012,0.000049,0.000000,0.000024,0.000887,0.000024,0.000377,0.000012,0.001761,0.000012,0.000134,0.000085,0.009706,0.000073,0.007617,0.000024,0.000024,0.000000,0.000097,0.000292,0.010727,0.000948,1.000000,1801.0
0.034488,0.000098,0.000000,0.000000,0.000000,0.000000,0.003273,0.000049,0.000391,0.000049,0.000000,0.000000,0.000342,0.000147,0.010405,0.000000,0.007767,0.000049,0.000049,0.000000,0.000049,0.000049,0.011773,0.001465,1.000000,1794.0
0.019974,0.000000,0.000658,0.000000,0.000000,0.000000,0.007243,0.000000,0.000000,0.000000,0.000658,0.000000,0.000219,0.000000,0.000000,0.014047,0.009658,0.000000,0.000000,0.000000,0.001317,0.001975,0.002634,0.003073,1.000000,1688.0
0.025879,0.000170,0.000000,0.021282,0.000170,0.000000,0.003405,0.000000,0.000341,0.000681,0.000000,0.000000,0.000085,0.000000,0.000255,0.000085,0.011492,0.000085,0.000085,0.000000,0.000170,0.036179,0.028177,0.002469,1.000000,1840.0
0.023912,0.000129,0.000031,0.030315,0.000021,0.000072,0.001477,0.000263,0.000129,0.000021,0.000041,0.000046,0.000046,0.000031,0.000170,0.000057,0.009578,0.000005,0.000041,0.000088,0.000098,0.000893,0.032675,0.000780,1.000000,1849.0
0.044951,0.040640,0.000000,0.000616,0.001847,0.000616,0.047414,0.000000,0.000000,0.000000,0.000616,0.001232,0.000000,0.000000,0.000616,0.000000,0.183498,0.000000,0.000000,0.000000,0.000000,0.052956,0.003079,0.004926,1.000000,1595.0
0.012824,0.000618,0.000348,0.000077,0.000116,0.000541,0.011936,0.000116,0.000193,0.000077,0.000000,0.013597,0.000193,0.000000,0.000000,0.000232,0.027001,0.000116,0.000000,0.000000,0.000193,0.005447,0.003940,0.011048,1.000000,1615.0
0.012680,0.000141,0.000070,0.000141,0.000000,0.000070,0.002959,0.000070,0.008876,0.000070,0.000000,0.000000,0.000141,0.000000,0.000070,0.000000,0.010707,0.000000,0.000000,0.000000,0.000282,0.000564,0.000986,0.001691,1.000000,1741.0
0.016887,0.000440,0.000135,0.000000,0.000094,0.000200,0.016271,0.000012,0.000023,0.000106,0.000000,0.033035,0.000041,0.000012,0.000006,0.000053,0.167084,0.000012,0.000023,0.000000,0.000076,0.012237,0.001057,0.008238,1.000000,1625.0
0.004490,0.000000,0.000000,0.000000,0.000000,0.033355,0.006414,0.000000,0.000000,0.000000,0.000000,0.000641,0.000000,0.000000,0.000000,0.000000,0.044901,0.000000,0.000000,0.000000,0.000000,0.035279,0.000000,0.001283,0.344452,1559.0
0.018661,0.000338,0.000084,0.021954,0.000000,0.000000,0.001182,0.000169,0.000084,0.000000,0.000000,0.000000,0.000338,0.000000,0.000169,0.000084,0.010555,0.000000,0.000000,0.000338,0.000422,0.000844,0.024740,0.001098,1.000000,1831.0
0.054315,0.000000,0.000000,0.009137,0.000000,0.000000,0.004061,0.000508,0.000000,0.000000,0.000000,0.000000,0.000000,0.000000,0.000000,0.000000,0.009137,0.000000,0.000000,0.000000,0.000508,0.002030,0.031980,0.003046,1.000000,1842.0
0.066713,0.000347,0.000069,0.000162,0.000046,0.000116,0.002222,0.038935,0.000185,0.000046,0.000162,0.000000,0.000116,0.000162,0.000162,0.000046,0.010278,0.000000,0.000046,0.000255,0.000046,0.000903,0.011088,0.000741,1.000000,1861.0
0.003359,0.000336,0.000000,0.000000,0.000000,0.000336,0.002015,0.000000,0.000000,0.005039,0.000000,0.000000,0.000336,0.000000,0.000336,0.000000,0.011085,0.000000,0.000000,0.000336,0.000000,0.000000,0.006046,0.006718,1.000000,1668.0
0.031661,0.000060,0.000000,0.027233,0.000000,0.000060,0.000904,0.000211,0.000030,0.000030,0.000000,0.000000,0.000151,0.000000,0.000060,0.000000,0.007863,0.000000,0.000030,0.000030,0.000090,0.000331,0.034312,0.000422,1.000000,1845.0
0.047244,0.000000,0.000000,0.011189,0.000000,0.000000,0.000414,0.000000,0.000414,0.000000,0.000000,0.000000,0.000000,0.000000,0.000000,0.000000,0.018235,0.000000,0.000000,0.000000,0.000000,0.001243,0.066308,0.000000,1.000000,1842.0
0.018902,0.000610,0.006707,0.000000,0.000610,0.000000,0.007317,0.000000,0.000000,0.000000,0.000610,0.000000,0.000610,0.000000,0.000610,0.000000,0.017683,0.000000,0.000000,0.000000,0.000000,0.007317,0.003049,0.003659,0.497561,1640.0
0.013038,0.031123,0.000093,0.000037,0.000093,0.002012,0.014732,0.000019,0.000037,0.000298,0.000000,0.000205,0.000056,0.000000,0.000019,0.000019,0.287832,0.000019,0.000000,0.000261,0.000075,0.027155,0.001639,0.006426,1.000000,1608.0
0.008173,0.000584,0.000000,0.000000,0.000000,0.000000,0.002919,0.000000,0.000000,0.000000,0.000000,0.000000,0.001168,0.000000,0.000000,0.000000,0.002335,0.000000,0.000000,0.000000,0.000000,0.000000,0.002335,0.000000,0.260362,1713.0
0.021289,0.001924,0.000120,0.000241,0.000361,0.001804,0.014915,0.000120,0.000601,0.000481,0.000000,0.038970,0.000120,0.000120,0.000120,0.000481,0.194130,0.000000,0.000120,0.000120,0.000601,0.021169,0.003368,0.009021,1.000000,1613.0
0.008521,0.000000,0.012173,0.000000,0.000000,0.000000,0.021302,0.000000,0.000000,0.000609,0.000000,0.000000,0.000000,0.000000,0.000000,0.000000,0.038953,0.000000,0.000000,0.000000,0.000000,0.004260,0.003652,0.010956,0.532562,1643.0
0.023234,0.037042,0.000575,0.000354,0.000443,0.001859,0.031289,0.000000,0.000089,0.000177,0.000177,0.000354,0.000177,0.000044,0.000221,0.000089,0.208665,0.000044,0.000000,0.000000,0.000044,0.045052,0.002611,0.006594,1.000000,1592.0
0.041329,0.000459,0.000000,0.029736,0.000014,0.000129,0.001304,0.000244,0.000229,0.000043,0.001433,0.000000,0.000014,0.000244,0.000129,0.000043,0.011608,0.000029,0.000029,0.000301,0.000115,0.000487,0.032774,0.001060,1.000000,1835.0
0.033557,0.003332,0.000039,0.000000,0.000000,0.000039,0.002038,0.000039,0.001372,0.000078,0.000000,0.000039,0.000784,0.000039,0.000000,0.000196,0.008428,0.027873,0.000000,0.000000,0.000157,0.000431,0.001686,0.010624,1.000000,1692.0
0.045234,0.000219,0.000656,0.000000,0.001093,0.000055,0.011855,0.000109,0.000109,0.000109,0.000000,0.000055,0.013603,0.000000,0.000164,0.000055,0.012128,0.000382,0.000000,0.000000,0.000000,0.017372,0.002513,0.006501,1.000000,1715.0
0.049918,0.000205,0.000137,0.000137,0.000341,0.000068,0.002253,0.027178,0.000000,0.000000,0.000000,0.000068,0.000137,0.000205,0.000068,0.000068,0.008194,0.000000,0.000068,0.000000,0.000888,0.049713,0.010994,0.000615,1.000000,1862.0
0.032623,0.000535,0.000268,0.000115,0.000268,0.000038,0.010900,0.000000,0.000650,0.000306,0.000038,0.000344,0.001530,0.000115,0.000038,0.000382,0.023750,0.013462,0.000000,0.000076,0.000344,0.006119,0.002333,0.008184,1.000000,1697.0
0.023605,0.003053,0.002231,0.000000,0.059307,0.013388,0.060716,0.000117,0.000000,0.000000,0.000117,0.000587,0.000117,0.000117,0.000235,0.000235,0.185790,0.000235,0.000000,0.000117,0.000117,0.151850,0.002936,0.004228,1.000000,1580.0
0.016142,0.000724,0.000000,0.010348,0.000000,0.000103,0.001966,0.000207,0.000103,0.000000,0.000000,0.000103,0.000000,0.000517,0.000207,0.000103,0.011796,0.000000,0.000207,0.000207,0.000207,0.002380,0.038907,0.000414,1.000000,1845.0
0.010396,0.000224,0.013761,0.000150,0.000075,0.000897,0.041059,0.000000,0.000000,0.000000,0.000000,0.000075,0.000000,0.000075,0.000150,0.000075,0.105751,0.000000,0.000000,0.000000,0.000075,0.005908,0.000224,0.005983,1.000000,1640.0
0.009990,0.000024,0.000000,0.000024,0.000000,0.000071,0.001823,0.000000,0.000024,0.000095,0.000000,0.000000,0.000331,0.000000,0.000000,0.017612,0.012854,0.000095,0.000000,0.000000,0.000260,0.000426,0.000521,0.009848,1.000000,1688.0
0.009345,0.000187,0.000234,0.000000,0.000059,0.000070,0.007740,0.000023,0.000035,0.022507,0.000012,0.000012,0.000047,0.000000,0.000023,0.000246,0.027952,0.000094,0.000012,0.000012,0.000070,0.005937,0.002682,0.027437,1.000000,1660.0
0.089221,0.000274,0.000010,0.000117,0.000010,0.000029,0.001681,0.025620,0.000078,0.000020,0.000020,0.000000,0.000303,0.000293,0.000088,0.000029,0.008296,0.000020,0.000020,0.000049,0.000059,0.000928,0.011364,0.000958,1.000000,1856.0
0.038730,0.000265,0.000000,0.000088,0.000000,0.000088,0.001235,0.000265,0.000088,0.000000,0.000000,0.000000,0.000265,0.000176,0.000706,0.000000,0.012528,0.000000,0.000265,0.027349,0.000265,0.000529,0.018350,0.000706,1.000000,1872.0
0.005252,0.000181,0.000145,0.000036,0.000000,0.000036,0.001630,0.000000,0.000072,0.000036,0.000000,0.000000,0.000109,0.000000,0.000036,0.007606,0.010577,0.000000,0.000036,0.000000,0.000145,0.000724,0.000942,0.003695,1.000000,1683.0
0.035544,0.000107,0.000040,0.000147,0.000013,0.000120,0.001362,0.000307,0.000240,0.000027,0.030737,0.000027,0.000080,0.000134,0.000147,0.000107,0.008706,0.000027,0.000013,0.000134,0.000107,0.002030,0.017158,0.001349,1.000000,1828.0
0.017933,0.031690,0.000164,0.000246,0.000082,0.000328,0.018834,0.000164,0.000082,0.000000,0.000082,0.000246,0.000164,0.000000,0.000328,0.000000,0.220603,0.000000,0.000000,0.000082,0.000164,0.023092,0.002457,0.006633,1.000000,1603.0
0.022597,0.000840,0.020383,0.000076,0.000000,0.000153,0.048019,0.000000,0.000153,0.000153,0.000000,0.000382,0.000153,0.000000,0.000076,0.000382,0.098710,0.000458,0.000000,0.000000,0.000076,0.010001,0.004046,0.015726,1.000000,1647.0
0.012661,0.000234,0.000234,0.000000,0.000000,0.000000,0.017351,0.000000,0.000000,0.000000,0.000000,0.000000,0.000000,0.000000,0.000000,0.004455,0.030481,0.000234,0.000000,0.000000,0.000000,0.009144,0.000938,0.002345,1.000000,1673.0
0.008020,0.000045,0.000000,0.000000,0.000000,0.000000,0.000936,0.000000,0.008287,0.000401,0.000045,0.000000,0.000757,0.000045,0.000134,0.000000,0.005703,0.000000,0.000000,0.000000,0.000089,0.000356,0.001649,0.000757,1.000000,1739.0
0.004717,0.001942,0.000832,0.000000,0.021643,0.002775,0.035794,0.000000,0.000000,0.000000,0.000000,0.000832,0.000000,0.000000,0.000000,0.000000,0.171476,0.000000,0.000000,0.000000,0.000000,0.105438,0.001665,0.006659,1.000000,1589.0
0.009934,0.000096,0.000051,0.000066,0.000000,0.000046,0.001819,0.000091,0.000198,0.000056,0.000086,0.000010,0.000101,0.000030,0.010759,0.000041,0.005213,0.000020,0.000015,0.000035,0.000152,0.000577,0.007173,0.001307,1.000000,1794.0
0.027931,0.000108,0.000301,0.000022,0.000022,0.000000,0.005838,0.000000,0.000022,0.000086,0.000011,0.000000,0.010106,0.000075,0.000011,0.000054,0.007633,0.000129,0.000000,0.000032,0.000086,0.001279,0.002731,0.006332,1.000000,1711.0
0.018255,0.001905,0.000199,0.000057,0.044784,0.037107,0.018454,0.000000,0.000028,0.000057,0.000000,0.000284,0.000028,0.000000,0.000057,0.000057,0.183770,0.000028,0.000171,0.000028,0.000000,0.140749,0.001450,0.004265,1.000000,1584.0
0.003513,0.010383,0.000000,0.000000,0.000312,0.002654,0.014365,0.000000,0.000000,0.000078,0.000000,0.000546,0.000078,0.000000,0.000000,0.000000,0.221329,0.000000,0.000000,0.000000,0.000000,0.050824,0.001015,0.001718,1.000000,1606.0
0.002922,0.000584,0.000000,0.000000,0.000000,0.000000,0.006429,0.000000,0.000000,0.000000,0.000000,0.000000,0.002338,0.000000,0.000000,0.000000,0.004091,0.000000,0.000000,0.000000,0.000000,0.000000,0.002338,0.001169,0.300409,1711.0
0.035954,0.000457,0.000102,0.015946,0.000000,0.000000,0.001066,0.000102,0.000102,0.000000,0.000000,0.000000,0.000152,0.000051,0.000102,0.000000,0.012238,0.000000,0.000000,0.000051,0.000203,0.000305,0.034633,0.000762,1.000000,1832.0
0.016427,0.000000,0.000511,0.000000,0.000000,0.001151,0.008949,0.000000,0.000128,0.005689,0.000000,0.000064,0.000064,0.000000,0.000064,0.000064,0.017833,0.000192,0.000000,0.000000,0.000064,0.004602,0.002429,0.015340,1.000000,1668.0
0.050420,0.000382,0.001401,0.000127,0.000127,0.000255,0.029157,0.000000,0.000000,0.000637,0.000000,0.012605,0.000000,0.000000,0.000000,0.000127,0.080469,0.000127,0.000000,0.000000,0.000891,0.012096,0.002419,0.019990,1.000000,1623.0
0.039873,0.000611,0.000488,0.000000,0.000244,0.000000,0.013250,0.000611,0.000855,0.000061,0.000000,0.000000,0.000366,0.000122,0.000000,0.000611,0.012212,0.017891,0.000000,0.000122,0.000183,0.005434,0.002198,0.004580,1.000000,1698.0
0.013610,0.000681,0.000227,0.024498,0.000000,0.000340,0.008166,0.000227,0.000000,0.000113,0.000000,0.000000,0.000000,0.000227,0.000113,0.000000,0.026199,0.000113,0.000000,0.000340,0.000794,0.003062,0.042758,0.002042,1.000000,1845.0
0.010207,0.000126,0.000089,0.000089,0.000022,0.000178,0.002487,0.000311,0.000274,0.000044,0.000222,0.000074,0.000222,0.000081,0.029791,0.000074,0.007068,0.000059,0.000007,0.000052,0.000274,0.000577,0.005307,0.001628,1.000000,1792.0
0.035331,0.000469,0.000853,0.000012,0.000553,0.000084,0.031689,0.000036,0.000409,0.000084,0.000024,0.000132,0.032182,0.000036,0.000096,0.000060,0.024239,0.001406,0.000120,0.000036,0.001130,0.027988,0.004458,0.003906,1.000000,1711.0
0.069530,0.000152,0.000048,0.000338,0.000014,0.000028,0.001633,0.036192,0.000034,0.000007,0.000103,0.000000,0.000048,0.000041,0.000034,0.000000,0.007030,0.000000,0.000021,0.000103,0.000069,0.000227,0.011138,0.000269,1.000000,1867.0
0.028024,0.000117,0.000000,0.000175,0.000000,0.000117,0.000817,0.001109,0.000175,0.000000,0.000584,0.000000,0.000117,0.000292,0.023879,0.000058,0.008407,0.000000,0.000000,0.000000,0.000350,0.000584,0.010276,0.002335,1.000000,1793.0
0.011019,0.001006,0.000175,0.000044,0.000262,0.003979,0.015042,0.000000,0.000087,0.000087,0.000044,0.016222,0.000087,0.000000,0.000175,0.000131,0.164276,0.000000,0.000000,0.000044,0.000131,0.024093,0.003542,0.003717,1.000000,1612.0
0.058487,0.000366,0.023517,0.000122,0.000000,0.000000,0.044840,0.000366,0.000122,0.000122,0.000000,0.000122,0.000000,0.000244,0.000122,0.000122,0.051420,0.000000,0.000000,0.000000,0.000244,0.011575,0.001340,0.007189,1.000000,1634.0
0.014054,0.000000,0.001141,0.000000,0.000046,0.000000,0.003011,0.000091,0.000046,0.000137,0.000000,0.000000,0.000593,0.000000,0.000046,0.000456,0.010403,0.015605,0.000000,0.000046,0.000183,0.000958,0.000958,0.007346,1.000000,1693.0
0.013191,0.000510,0.000139,0.000046,0.000000,0.000023,0.002828,0.000139,0.004103,0.000023,0.000023,0.000046,0.000139,0.000023,0.000000,0.000046,0.009319,0.000162,0.000000,0.000116,0.000070,0.000765,0.002249,0.001808,1.000000,1743.0
0.046572,0.000154,0.013437,0.000323,0.000008,0.000046,0.008927,0.000430,0.000092,0.000015,0.000000,0.000023,0.000115,0.000031,0.000238,0.000115,0.011347,0.000000,0.000069,0.000123,0.000046,0.000492,0.018607,0.001298,1.000000,1642.0
0.022163,0.004433,0.001108,0.000000,0.000101,0.000453,0.020350,0.000000,0.000000,0.000604,0.000000,0.023976,0.000151,0.000050,0.000000,0.000151,0.127134,0.000000,0.000000,0.000000,0.000050,0.024933,0.001410,0.022364,1.000000,1624.0
0.010631,0.000150,0.000183,0.000021,0.000021,0.000043,0.003941,0.000054,0.000054,0.000129,0.000021,0.000086,0.000387,0.000021,0.000043,0.007839,0.016011,0.000043,0.000000,0.000011,0.000193,0.001847,0.001890,0.007828,1.000000,1671.0
0.007746,0.001495,0.000041,0.000054,0.028105,0.007515,0.012489,0.000027,0.000014,0.000054,0.000000,0.000258,0.000000,0.000014,0.000027,0.000027,0.189258,0.000027,0.000000,0.000000,0.000014,0.120994,0.001223,0.003887,1.000000,1580.0
0.017972,0.007271,0.000261,0.000037,0.000075,0.000037,0.006600,0.000000,0.000075,0.017525,0.000000,0.000149,0.000037,0.000000,0.000112,0.000037,0.056192,0.000037,0.000149,0.000000,0.000037,0.004474,0.002573,0.022521,1.000000,1651.0
0.004846,0.001211,0.000606,0.000000,0.000000,0.000000,0.008480,0.000000,0.000000,0.008480,0.000000,0.000000,0.000606,0.000000,0.000000,0.000000,0.011508,0.000000,0.000000,0.000000,0.000000,0.008480,0.001211,0.006663,0.350091,1651.0
0.006989,0.000000,0.000000,0.000000,0.000582,0.000000,0.003494,0.000000,0.000000,0.000000,0.000000,0.000000,0.013978,0.000000,0.000000,0.000000,0.011066,0.000000,0.000000,0.000000,0.000000,0.004659,0.001747,0.001747,0.923122,1717.0
0.025873,0.058575,0.000868,0.000058,0.000637,0.001736,0.030677,0.000000,0.000232,0.000174,0.000289,0.000463,0.000116,0.000058,0.000174,0.000174,0.225907,0.000116,0.000000,0.000000,0.000116,0.044626,0.003357,0.007467,1.000000,1592.0
0.039745,0.000100,0.000008,0.000092,0.000017,0.000217,0.001250,0.000317,0.000700,0.000017,0.029601,0.000008,0.000133,0.000108,0.000175,0.000067,0.006794,0.000050,0.000000,0.000025,0.000175,0.000517,0.015221,0.000759,1.000000,1823.0
0.043157,0.000333,0.000053,0.024745,0.000040,0.000133,0.002093,0.000440,0.000133,0.000027,0.000147,0.000013,0.000080,0.000120,0.000120,0.000013,0.011919,0.000040,0.000027,0.000053,0.000293,0.000733,0.036650,0.000893,1.000000,1838.0
0.005434,0.000036,0.000000,0.000000,0.000036,0.000036,0.000978,0.000000,0.000145,0.000145,0.000000,0.000000,0.000616,0.000000,0.000000,0.000326,0.008259,0.021953,0.000000,0.000000,0.000036,0.000580,0.002391,0.007825,1.000000,1696.0
0.068307,0.000366,0.000042,0.000176,0.000007,0.000014,0.001360,0.026380,0.000113,0.000007,0.000049,0.000028,0.000085,0.000042,0.000092,0.000028,0.008397,0.000000,0.000049,0.000077,0.000070,0.000571,0.015060,0.000719,1.000000,1859.0
0.005015,0.000228,0.000000,0.000000,0.000000,0.000000,0.005015,0.000000,0.000000,0.000000,0.000000,0.000000,0.000000,0.012081,0.000000,0.000000,0.006382,0.000000,0.000000,0.000000,0.000228,0.000684,0.006838,0.001368,1.000000,1772.0
0.000000,0.010672,0.000000,0.000000,0.000000,0.000000,0.001255,0.000000,0.000000,0.000000,0.000000,0.001255,0.000000,0.000000,0.000000,0.000000,0.025738,0.000000,0.000000,0.000000,0.000000,0.013183,0.000000,0.001883,0.123038,1593.0
0.017647,0.001125,0.000427,0.000116,0.041576,0.016522,0.023464,0.000000,0.000039,0.000155,0.000000,0.000543,0.000078,0.000000,0.000039,0.000000,0.182633,0.000000,0.000000,0.000000,0.000000,0.167585,0.001900,0.004034,1.000000,1575.0
0.051224,0.000416,0.000054,0.032069,0.000036,0.000199,0.002243,0.000434,0.000109,0.000217,0.000018,0.000000,0.000090,0.000072,0.000199,0.000109,0.012173,0.000000,0.000090,0.000036,0.000054,0.001158,0.037857,0.000723,1.000000,1840.0
0.057013,0.000445,0.000000,0.000069,0.000000,0.000056,0.000764,0.010674,0.000028,0.000000,0.000028,0.000000,0.000111,0.000014,0.000056,0.000000,0.009201,0.000000,0.000014,0.000083,0.000042,0.000222,0.013607,0.001251,1.000000,1864.0
0.022633,0.000223,0.000223,0.016787,0.000056,0.000139,0.008101,0.000223,0.000111,0.000139,0.000028,0.000028,0.000111,0.000334,0.000139,0.000028,0.009827,0.000000,0.000084,0.000084,0.000334,0.013279,0.044570,0.001754,1.000000,1840.0
0.014976,0.000000,0.000101,0.000101,0.000000,0.000000,0.001005,0.000302,0.000000,0.000101,0.000000,0.000000,0.001206,0.000302,0.000000,0.000201,0.008343,0.005729,0.000000,0.000101,0.000101,0.001508,0.001910,0.006533,1.000000,1696.0
0.002092,0.001085,0.000000,0.000000,0.000000,0.000000,0.000852,0.000000,0.000000,0.000000,0.000000,0.000000,0.020067,0.000000,0.000000,0.000000,0.010692,0.000155,0.000000,0.000077,0.000155,0.000310,0.001705,0.007050,1.000000,1725.0
0.024566,0.000591,0.000000,0.027718,0.000028,0.000197,0.002110,0.000310,0.000084,0.000000,0.000028,0.000000,0.000310,0.000113,0.000000,0.000056,0.013226,0.000000,0.000000,0.000028,0.000197,0.000310,0.044179,0.000563,1.000000,1844.0
0.015787,0.001097,0.000306,0.000000,0.033206,0.012267,0.024815,0.000000,0.000128,0.000255,0.000000,0.000102,0.000026,0.000000,0.000128,0.000026,0.187605,0.000000,0.000000,0.000000,0.000026,0.185692,0.001454,0.003035,1.000000,1578.0
0.007611,0.000065,0.000093,0.000102,0.000000,0.000028,0.001168,0.000028,0.000065,0.000009,0.000019,0.000037,0.010503,0.000584,0.000260,0.000019,0.007528,0.000019,0.000000,0.000019,0.000111,0.000260,0.004450,0.002753,1.000000,1720.0
0.014615,0.000025,0.000063,0.000000,0.000013,0.000101,0.001331,0.000000,0.000038,0.000063,0.000000,0.000038,0.000456,0.000051,0.000000,0.019077,0.011611,0.000127,0.000013,0.000000,0.000076,0.000507,0.001052,0.006503,1.000000,1687.0
0.008323,0.044090,0.000099,0.000000,0.000198,0.000991,0.013078,0.000000,0.000000,0.000000,0.000000,0.000099,0.000198,0.000000,0.000000,0.000000,0.253146,0.000000,0.000000,0.000099,0.000099,0.030516,0.001189,0.007530,1.000000,1609.0
0.024688,0.000000,0.000156,0.000000,0.000000,0.000000,0.006406,0.000000,0.000156,0.000313,0.017188,0.000000,0.000313,0.000313,0.000156,0.000000,0.012812,0.000000,0.000000,0.000000,0.000313,0.003438,0.020313,0.004531,1.000000,1816.0
0.008918,0.000062,0.000031,0.000000,0.000154,0.000000,0.004428,0.000000,0.000031,0.000000,0.000000,0.000031,0.005197,0.000000,0.000000,0.000031,0.008918,0.000185,0.000000,0.000031,0.000277,0.008119,0.002952,0.004275,1.000000,1716.0
0.007429,0.000000,0.000000,0.000000,0.000000,0.000000,0.001714,0.000000,0.000000,0.000571,0.000000,0.000000,0.000000,0.000000,0.000000,0.000000,0.011429,0.000000,0.000000,0.000000,0.002857,0.002857,0.003429,0.000571,0.628571,1750.0
0.011126,0.000116,0.000000,0.000289,0.000000,0.000000,0.000925,0.000029,0.000520,0.000029,0.000029,0.000000,0.000318,0.013554,0.000289,0.000058,0.007051,0.000058,0.000000,0.000000,0.000289,0.000520,0.006647,0.001127,1.000000,1771.0
0.005028,0.000058,0.000058,0.001618,0.000029,0.000029,0.003467,0.000087,0.000116,0.000058,0.000029,0.000029,0.000116,0.000029,0.000058,0.004970,0.014997,0.000029,0.000000,0.000000,0.000116,0.001098,0.001185,0.005201,1.000000,1673.0
0.041458,0.000041,0.000007,0.000122,0.000000,0.000015,0.000558,0.033052,0.000048,0.000000,0.000151,0.000007,0.000115,0.000018,0.000015,0.000004,0.003477,0.000004,0.000033,0.000059,0.000030,0.000144,0.008347,0.000458,1.000000,1866.0
0.016979,0.000361,0.000090,0.000090,0.000030,0.000030,0.003372,0.000120,0.000211,0.000000,0.000030,0.000000,0.008730,0.000090,0.000030,0.000331,0.016888,0.000060,0.000060,0.000000,0.000211,0.001565,0.003131,0.005660,1.000000,1723.0
0.005254,0.000000,0.000000,0.000000,0.000000,0.000277,0.005254,0.000000,0.000277,0.000000,0.000000,0.000000,0.000277,0.003595,0.000277,0.000000,0.005254,0.000000,0.000000,0.000000,0.000000,0.000000,0.006361,0.001106,1.000000,1770.0
0.017273,0.035315,0.000067,0.000000,0.000200,0.001871,0.016672,0.000000,0.000000,0.000267,0.000000,0.003742,0.000000,0.000000,0.000100,0.000033,0.250743,0.000000,0.000000,0.000000,0.000033,0.041161,0.002105,0.007183,1.000000,1607.0
0.005599,0.000310,0.000161,0.000025,0.000000,0.001217,0.003874,0.000534,0.000385,0.000025,0.000000,0.000012,0.012937,0.000087,0.000012,0.000074,0.016773,0.000124,0.000025,0.000012,0.000099,0.000857,0.001688,0.003687,1.000000,1720.0
0.051967,0.000832,0.000098,0.001125,0.000294,0.001566,0.021090,0.000000,0.000000,0.000049,0.000000,0.056909,0.000636,0.000000,0.000000,0.000245,0.152231,0.000000,0.000000,0.000147,0.000000,0.019524,0.005823,0.002691,1.000000,1619.0
0.056637,0.001106,0.000664,0.000221,0.000442,0.000221,0.002655,0.023894,0.000221,0.000000,0.000000,0.000221,0.000442,0.000221,0.000000,0.000664,0.012389,0.000221,0.000000,0.000000,0.000885,0.005752,0.015487,0.002212,1.000000,1856.0
0.010468,0.001847,0.000000,0.000000,0.001232,0.003695,0.018473,0.000000,0.000000,0.000616,0.000000,0.036946,0.001232,0.000000,0.000000,0.000000,0.119458,0.000000,0.000000,0.000616,0.000000,0.018473,0.003079,0.017857,0.706897,1624.0
0.006857,0.000000,0.000000,0.000000,0.000000,0.000000,0.004000,0.000000,0.000000,0.000000,0.000000,0.000000,0.000000,0.000000,0.000571,0.000000,0.003429,0.000000,0.000000,0.000000,0.001143,0.000571,0.002286,0.001143,0.450857,1750.0
0.003181,0.000056,0.000037,0.000056,0.000000,0.000000,0.001254,0.000000,0.000037,0.000019,0.000019,0.000000,0.015999,0.000000,0.000056,0.000056,0.009188,0.000094,0.000000,0.000000,0.000187,0.000299,0.001609,0.004603,1.000000,1725.0
0.013143,0.000000,0.000000,0.000000,0.000000,0.000000,0.008000,0.000000,0.000571,0.000000,0.000000,0.000000,0.000571,0.000000,0.000000,0.000000,0.012000,0.000571,0.000000,0.000000,0.011429,0.043429,0.007429,0.002857,0.622286,1750.0
0.006454,0.000127,0.000085,0.000021,0.000000,0.000000,0.002696,0.000000,0.012441,0.000021,0.000000,0.000000,0.000297,0.000085,0.000000,0.000425,0.010742,0.000000,0.000021,0.000021,0.000064,0.000361,0.002463,0.001422,1.000000,1739.0
0.043236,0.000143,0.000036,0.022583,0.000000,0.000036,0.001305,0.000358,0.000161,0.000072,0.000072,0.000000,0.000089,0.000054,0.000054,0.000018,0.008940,0.000036,0.000018,0.000089,0.000197,0.001001,0.043146,0.001520,1.000000,1839.0
0.119857,0.001843,0.000059,0.000862,0.000238,0.000149,0.005321,0.050059,0.000743,0.000030,0.000297,0.000119,0.000119,0.000059,0.000684,0.000505,0.018193,0.000030,0.000089,0.000268,0.000089,0.002289,0.017420,0.003597,1.000000,1865.0
0.009767,0.000751,0.000000,0.000000,0.000322,0.002039,0.016422,0.000000,0.000000,0.000107,0.000000,0.014597,0.000000,0.000000,0.000000,0.000000,0.150156,0.000107,0.000000,0.000000,0.000000,0.017280,0.002254,0.000859,1.000000,1620.0
0.013143,0.000000,0.000000,0.000000,0.000000,0.000000,0.002286,0.000000,0.000000,0.000000,0.000000,0.000000,0.000571,0.000000,0.000571,0.000000,0.006286,0.000000,0.000000,0.000000,0.004571,0.004571,0.006857,0.002286,0.541714,1750.0
0.047121,0.000352,0.000088,0.000000,0.000088,0.000088,0.006330,0.000088,0.000088,0.000000,0.000000,0.000000,0.017934,0.000088,0.000176,0.000088,0.018549,0.000000,0.000000,0.000176,0.000176,0.004308,0.007824,0.004923,1.000000,1727.0
0.005777,0.000000,0.000000,0.000000,0.000000,0.000000,0.002889,0.000000,0.001733,0.000000,0.000000,0.000000,0.000000,0.000000,0.000000,0.000000,0.002311,0.000000,0.000000,0.000000,0.000000,0.000000,0.000000,0.003466,0.283651,1731.0
0.008837,0.026391,0.000000,0.000000,0.000266,0.002415,0.012556,0.000024,0.000048,0.000024,0.000000,0.000507,0.000121,0.000000,0.000000,0.000024,0.270837,0.000000,0.000024,0.000072,0.000048,0.036942,0.001159,0.004950,1.000000,1597.0
0.058482,0.000483,0.000967,0.000000,0.536491,0.017400,0.014016,0.000000,0.000000,0.000483,0.001450,0.000483,0.000000,0.000000,0.005317,0.000000,0.117448,0.000483,0.000483,0.000000,0.000000,0.154664,0.017400,0.007250,1.000000,1584.0
0.013708,0.000182,0.013381,0.000182,0.000073,0.000218,0.043960,0.000036,0.000036,0.000073,0.000000,0.000073,0.000255,0.000000,0.000109,0.000145,0.074613,0.000000,0.000000,0.000036,0.000182,0.006763,0.003891,0.014690,1.000000,1643.0
0.020389,0.029669,0.000271,0.000135,0.000068,0.000813,0.016663,0.000135,0.000068,0.000000,0.000000,0.000339,0.000068,0.000068,0.000203,0.000000,0.199147,0.000000,0.000203,0.000000,0.000068,0.019915,0.003658,0.004335,1.000000,1608.0
0.021362,0.048828,0.000305,0.000061,0.000305,0.001587,0.023254,0.000122,0.000000,0.000183,0.000000,0.000427,0.000000,0.000000,0.000061,0.000061,0.270508,0.000000,0.000000,0.000000,0.000061,0.045593,0.003174,0.005676,1.000000,1600.0
0.036556,0.000555,0.000073,0.026865,0.000015,0.000073,0.002704,0.000190,0.000029,0.000000,0.000102,0.000015,0.000088,0.000102,0.000117,0.000000,0.018782,0.000044,0.000146,0.000058,0.000102,0.000921,0.042724,0.001184,1.000000,1835.0
0.019802,0.017633,0.000554,0.000000,0.000462,0.000462,0.029958,0.000000,0.000000,0.000046,0.000000,0.000739,0.000046,0.000000,0.000046,0.000369,0.186531,0.000185,0.000046,0.000000,0.000046,0.025757,0.001708,0.007801,1.000000,1609.0
0.040243,0.000213,0.000027,0.014233,0.000000,0.000013,0.001120,0.000120,0.000053,0.000000,0.000040,0.000000,0.000227,0.000173,0.000040,0.000000,0.011165,0.000013,0.000013,0.000053,0.000080,0.000267,0.036869,0.000840,1.000000,1833.0
0.034623,0.001281,0.000812,0.000031,0.035560,0.002969,0.024623,0.000031,0.000000,0.000125,0.000000,0.000437,0.000094,0.000062,0.000000,0.000031,0.135523,0.000094,0.000000,0.000000,0.000250,0.097681,0.002031,0.004375,1.000000,1589.0
0.034179,0.022808,0.000000,0.000000,0.000263,0.003089,0.014855,0.000066,0.000000,0.000000,0.000000,0.000197,0.000066,0.000000,0.000000,0.000657,0.192914,0.000000,0.000000,0.000000,0.000131,0.045945,0.000920,0.005193,1.000000,1608.0
0.022854,0.000741,0.014002,0.000000,0.000282,0.000176,0.029908,0.000071,0.000000,0.000035,0.000000,0.000212,0.000000,0.000071,0.000035,0.000035,0.113776,0.000000,0.000000,0.000000,0.000000,0.009240,0.001199,0.005290,1.000000,1639.0
0.029834,0.001445,0.000723,0.000000,0.000723,0.054093,0.023021,0.000000,0.000206,0.000516,0.000103,0.000516,0.000000,0.000000,0.000000,0.000000,0.192526,0.000000,0.000000,0.000000,0.000000,0.145659,0.001239,0.004645,1.000000,1568.0
0.014443,0.001058,0.000397,0.000050,0.001487,0.149045,0.019071,0.000000,0.000017,0.000116,0.000000,0.000198,0.000066,0.000017,0.000116,0.000033,0.160051,0.000017,0.000000,0.000017,0.000033,0.140451,0.000859,0.002776,1.000000,1560.0
0.039537,0.000039,0.000079,0.000315,0.000039,0.000000,0.002793,0.000315,0.000826,0.000000,0.000039,0.000000,0.000000,0.017389,0.000079,0.000000,0.015343,0.000000,0.000000,0.000039,0.000079,0.000315,0.037846,0.001023,1.000000,1776.0
0.006407,0.000000,0.000000,0.000000,0.000000,0.000000,0.002330,0.000000,0.000000,0.000000,0.000000,0.000000,0.004659,0.000000,0.000000,0.000000,0.004659,0.000000,0.000000,0.000000,0.001747,0.001165,0.001747,0.002330,0.723937,1717.0
0.017629,0.037331,0.002074,0.000346,0.000346,0.002074,0.029381,0.000691,0.000000,0.000000,0.000000,0.000346,0.000346,0.001037,0.000000,0.000000,0.128932,0.000000,0.000000,0.000000,0.000346,0.031110,0.003802,0.007605,1.000000,1603.0
0.009803,0.000107,0.000024,0.000039,0.000029,0.000058,0.000614,0.000127,0.000185,0.000019,0.000166,0.000005,0.000093,0.000044,0.030554,0.000034,0.005043,0.000010,0.000000,0.000088,0.000107,0.000263,0.005998,0.000716,1.000000,1793.0
0.018030,0.000269,0.000000,0.000000,0.000269,0.000269,0.012917,0.000000,0.000000,0.005651,0.000000,0.000269,0.000269,0.000000,0.000000,0.000000,0.022605,0.000807,0.000000,0.000269,0.000538,0.009419,0.001615,0.016954,1.000000,1650.0
0.001706,0.000000,0.000000,0.000000,0.000000,0.000000,0.000569,0.000000,0.000000,0.000000,0.000000,0.000000,0.000000,0.000000,0.000569,0.000000,0.002844,0.000000,0.000000,0.000000,0.002844,0.000569,0.001706,0.000569,0.240614,1758.0
0.009044,0.000075,0.000010,0.000015,0.000002,0.000012,0.000894,0.000042,0.002443,0.000019,0.000025,0.000006,0.000166,0.000012,0.000019,0.000035,0.014823,0.000019,0.000008,0.000008,0.000064,0.000362,0.001499,0.001917,1.000000,1741.0
0.042819,0.000117,0.000007,0.000124,0.000000,0.000066,0.000854,0.000226,0.000036,0.000015,0.000131,0.000015,0.000051,0.000058,0.000095,0.000044,0.007663,0.000007,0.000066,0.013546,0.000022,0.000314,0.011473,0.000504,1.000000,1873.0
0.003681,0.000000,0.000052,0.000000,0.000000,0.000000,0.002903,0.000000,0.000000,0.000000,0.002800,0.000052,0.004251,0.000052,0.000000,0.001555,0.008451,0.000000,0.000000,0.000000,0.000000,0.000156,0.000467,0.002540,1.000000,1725.0
0.023689,0.000638,0.000049,0.030579,0.000000,0.001153,0.002526,0.000123,0.001839,0.000025,0.000049,0.000000,0.000343,0.000074,0.000270,0.000000,0.019814,0.000000,0.000074,0.000074,0.000147,0.001202,0.054513,0.001398,1.000000,1843.0
0.016144,0.000660,0.000590,0.000014,0.000422,0.000098,0.010355,0.000042,0.000028,0.026767,0.000014,0.000042,0.000169,0.000000,0.000084,0.000155,0.035492,0.000056,0.000014,0.000000,0.000098,0.002810,0.003105,0.036588,1.000000,1659.0
0.000000,0.000000,0.000000,0.000000,0.000000,0.000000,0.000000,0.000000,0.000000,0.000000,0.000000,0.000000,0.000000,0.000000,0.000000,0.000000,0.000000,0.000000,0.000000,0.000000,0.000000,0.000000,0.000000,0.000000,0.000000,1598.0
0.017664,0.000856,0.034052,0.000070,0.000059,0.000242,0.055750,0.000027,0.000318,0.000140,0.000000,0.001045,0.000205,0.000027,0.000011,0.000054,0.108022,0.000000,0.000000,0.000016,0.000043,0.006931,0.001077,0.008391,1.000000,1635.0
0.032252,0.000138,0.000172,0.018880,0.000017,0.000052,0.001325,0.000086,0.001807,0.000017,0.000000,0.000000,0.000052,0.000069,0.000706,0.000017,0.008640,0.000017,0.000034,0.000052,0.000138,0.000757,0.034162,0.000998,1.000000,1831.0
0.059851,0.000124,0.000012,0.000075,0.000000,0.000000,0.000958,0.007411,0.000012,0.000000,0.000025,0.000037,0.000099,0.000025,0.000062,0.000025,0.004303,0.000025,0.000000,0.000000,0.000012,0.000187,0.009911,0.000572,1.000000,1861.0
0.029449,0.047085,0.000084,0.000000,0.000169,0.000844,0.014935,0.000000,0.000422,0.000169,0.000000,0.000169,0.000000,0.000084,0.000000,0.000084,0.230613,0.000000,0.000084,0.000000,0.000084,0.017551,0.000759,0.006329,1.000000,1608.0
0.014051,0.001090,0.000139,0.000079,0.000198,0.001823,0.016964,0.000020,0.000000,0.000000,0.000000,0.016489,0.000040,0.000020,0.000059,0.000079,0.219782,0.000000,0.000020,0.000000,0.000059,0.035177,0.000733,0.004737,1.000000,1617.0
0.006017,0.000122,0.000030,0.000030,0.000015,0.000030,0.001569,0.000000,0.013588,0.000000,0.000289,0.000000,0.000259,0.000061,0.000030,0.000457,0.006809,0.000030,0.000000,0.000000,0.000061,0.000137,0.002727,0.001203,1.000000,1739.0
0.030497,0.029403,0.000782,0.000156,0.000469,0.002815,0.030967,0.000000,0.000313,0.000156,0.000000,0.000000,0.000782,0.000000,0.000469,0.000156,0.155615,0.000000,0.000000,0.000156,0.000156,0.055364,0.002033,0.003284,1.000000,1591.0
0.009385,0.000000,0.000000,0.000000,0.000095,0.000000,0.000758,0.000000,0.000000,0.000000,0.000000,0.000000,0.008532,0.000000,0.000095,0.000000,0.007110,0.004171,0.000000,0.000000,0.000000,0.000190,0.000853,0.004645,1.000000,1725.0
0.004114,0.000000,0.000000,0.000217,0.000000,0.000000,0.003248,0.000217,0.000000,0.000000,0.000000,0.000433,0.000000,0.009095,0.000000,0.000000,0.003465,0.000000,0.000000,0.000000,0.000217,0.000217,0.006929,0.000650,1.000000,1788.0
0.110078,0.000131,0.000033,0.034224,0.000000,0.000033,0.001729,0.003426,0.000033,0.000000,0.000228,0.000033,0.000196,0.000228,0.000065,0.000000,0.010734,0.000000,0.000065,0.000065,0.000098,0.000620,0.044077,0.001370,1.000000,1839.0
0.004179,0.000507,0.007724,0.000000,0.000000,0.000253,0.018995,0.000000,0.000000,0.000127,0.000000,0.000127,0.000000,0.000000,0.000380,0.000000,0.098772,0.000000,0.000000,0.000000,0.000000,0.008864,0.001393,0.003799,1.000000,1635.0
0.015482,0.000908,0.018422,0.000000,0.000130,0.002681,0.030228,0.000000,0.000000,0.000259,0.000000,0.000086,0.000173,0.000000,0.000000,0.000043,0.174710,0.000000,0.000000,0.000043,0.000000,0.012152,0.001816,0.004065,1.000000,1637.0
0.073089,0.000218,0.000000,0.022110,0.000000,0.000000,0.001832,0.002180,0.000087,0.000044,0.000131,0.000000,0.000131,0.000087,0.000480,0.000087,0.013170,0.000000,0.000000,0.000218,0.000262,0.000872,0.036021,0.000872,1.000000,1839.0
0.001812,0.000000,0.000000,0.000000,0.000000,0.000000,0.005435,0.000000,0.000000,0.001208,0.000000,0.000000,0.000000,0.000000,0.000000,0.000000,0.002415,0.000000,0.000000,0.000000,0.000000,0.002415,0.000604,0.001208,0.234903,1656.0
0.013289,0.000183,0.000091,0.000091,0.000000,0.000388,0.002671,0.000228,0.000342,0.000068,0.000000,0.000000,0.000114,0.000023,0.000160,0.000023,0.008334,0.000023,0.000000,0.000023,0.008425,0.000434,0.003151,0.003356,1.000000,1751.0
0.012339,0.037616,0.000075,0.000075,0.000224,0.002019,0.017125,0.000075,0.000075,0.000000,0.000000,0.002318,0.000150,0.000000,0.000000,0.000299,0.239231,0.000224,0.000000,0.000000,0.000000,0.035971,0.002543,0.006506,1.000000,1594.0
0.026428,0.000119,0.000830,0.000000,0.000000,0.000237,0.008296,0.000237,0.000593,0.000119,0.000000,0.000000,0.001067,0.000000,0.000000,0.000119,0.010785,0.009836,0.000000,0.000000,0.000000,0.007703,0.004622,0.005689,1.000000,1702.0
0.025388,0.000184,0.000307,0.000061,0.000000,0.000123,0.008769,0.000000,0.000000,0.000000,0.000000,0.000184,0.000307,0.000061,0.000000,0.000000,0.012571,0.000123,0.000061,0.000000,0.006746,0.002760,0.010057,0.004477,1.000000,1764.0
0.077526,0.001015,0.000000,0.000151,0.000000,0.000151,0.001684,0.045371,0.000022,0.000022,0.000043,0.000000,0.000022,0.000000,0.000108,0.000043,0.008228,0.000000,0.000022,0.000108,0.000108,0.000691,0.009653,0.000713,1.000000,1855.0
0.006357,0.000000,0.000000,0.000000,0.012715,0.001907,0.010172,0.000000,0.000000,0.000000,0.000000,0.000000,0.000000,0.000000,0.000000,0.000000,0.053401,0.000000,0.000000,0.000000,0.000636,0.037508,0.001271,0.000000,0.308964,1573.0
0.007062,0.000117,0.000021,0.000042,0.000012,0.000160,0.001807,0.000087,0.000238,0.000033,0.000012,0.000018,0.000105,0.000012,0.000111,0.000054,0.006764,0.000018,0.000021,0.000021,0.013021,0.001482,0.004879,0.001695,1.000000,1751.0
0.002948,0.000000,0.000021,0.000021,0.000000,0.000000,0.000737,0.000000,0.000063,0.000021,0.000042,0.000000,0.020091,0.000000,0.000063,0.000063,0.005960,0.000126,0.000021,0.000000,0.000358,0.000190,0.001158,0.005876,1.000000,1725.0
0.008020,0.000053,0.000106,0.000053,0.000040,0.000053,0.001969,0.000026,0.000145,0.000040,0.000013,0.000026,0.000291,0.005760,0.000000,0.000013,0.003131,0.000000,0.000013,0.000000,0.000264,0.000766,0.007544,0.001374,1.000000,1774.0
0.015050,0.000384,0.000064,0.000000,0.000032,0.000224,0.004067,0.000000,0.000000,0.000128,0.000000,0.000160,0.000000,0.000032,0.000000,0.021422,0.027762,0.000064,0.000000,0.000480,0.000096,0.002241,0.001473,0.003971,1.000000,1682.0
0.078517,0.000000,0.000251,0.000151,0.000502,0.000201,0.002709,0.028497,0.000201,0.000000,0.000000,0.000000,0.000301,0.000050,0.000000,0.000050,0.013747,0.000100,0.000050,0.000000,0.000401,0.108770,0.015904,0.001906,1.000000,1861.0
0.007939,0.000000,0.000000,0.000000,0.000000,0.000000,0.001273,0.000000,0.000242,0.000061,0.000000,0.000061,0.000364,0.000000,0.000000,0.000242,0.015575,0.022908,0.000000,0.000000,0.000000,0.000485,0.001151,0.004545,1.000000,1705.0
0.054355,0.000427,0.000039,0.000854,0.000000,0.000155,0.002017,0.000233,0.000116,0.000039,0.016217,0.000000,0.000194,0.000194,0.000039,0.000078,0.011406,0.000000,0.000039,0.000000,0.000078,0.000388,0.031503,0.000776,1.000000,1825.0
0.000000,0.000000,0.000000,0.000000,0.000000,0.000000,0.000000,0.000000,0.000000,0.000000,0.000000,0.000000,0.000000,0.000000,0.000000,0.000000,0.000000,0.000000,0.000000,0.000000,0.000000,0.000000,0.000000,0.000000,0.000000,1594.0
0.017355,0.001112,0.035692,0.000000,0.000131,0.002372,0.024667,0.000033,0.000000,0.000115,0.000000,0.000131,0.000000,0.000000,0.000000,0.000065,0.175107,0.000000,0.000000,0.000000,0.000016,0.014280,0.000507,0.006085,1.000000,1633.0
0.010309,0.000000,0.015767,0.000000,0.000000,0.000000,0.026683,0.000000,0.000000,0.000000,0.000000,0.000000,0.000000,0.000000,0.000606,0.000606,0.018193,0.000000,0.000000,0.000000,0.000000,0.003032,0.001819,0.003639,0.613099,1649.0
0.028120,0.000154,0.000035,0.000231,0.000014,0.000063,0.002066,0.000693,0.000119,0.000077,0.000168,0.000035,0.000126,0.000105,0.000238,0.000056,0.011000,0.000035,0.047096,0.000196,0.000252,0.000784,0.016714,0.001807,1.000000,1891.0
0.002243,0.000039,0.000000,0.000039,0.000000,0.000000,0.001535,0.000000,0.000000,0.000000,0.000000,0.000000,0.000118,0.000197,0.000000,0.000039,0.019205,0.000000,0.000000,0.000039,0.024242,0.000394,0.003503,0.001535,1.000000,1767.0
0.126131,0.000416,0.000008,0.000424,0.000000,0.000025,0.000782,0.019404,0.000241,0.000042,0.000116,0.000042,0.000050,0.000025,0.000166,0.000033,0.007244,0.000008,0.000000,0.000324,0.000166,0.000566,0.011827,0.002071,1.000000,1859.0
0.000000,0.000000,0.000000,0.000000,0.000000,0.000000,0.000000,0.000000,0.000000,0.000000,0.000000,0.000000,0.000000,0.000000,0.000000,0.000000,0.000000,0.000000,0.000000,0.000000,0.000000,0.000000,0.000000,0.000000,0.000000,1578.0
0.007033,0.000134,0.000049,0.000061,0.000000,0.000073,0.000975,0.000000,0.010336,0.000049,0.000012,0.000000,0.001146,0.000061,0.000012,0.000195,0.008532,0.000024,0.000012,0.000000,0.000207,0.000353,0.004510,0.003766,1.000000,1749.0
0.015316,0.000378,0.000076,0.015033,0.000038,0.000076,0.002099,0.000189,0.000132,0.000019,0.000170,0.000000,0.000076,0.000340,0.000265,0.000057,0.009303,0.000076,0.000132,0.000076,0.000265,0.001513,0.027607,0.001475,1.000000,1835.0
0.008264,0.000742,0.000318,0.000000,0.000053,0.000901,0.016104,0.000000,0.000053,0.000212,0.000000,0.011972,0.000106,0.000000,0.000000,0.000106,0.179372,0.000000,0.000000,0.000000,0.000159,0.013561,0.000795,0.005509,1.000000,1628.0
0.015812,0.045186,0.000578,0.000129,0.000514,0.004435,0.022047,0.000193,0.000064,0.000257,0.000000,0.001028,0.000129,0.000000,0.000064,0.000193,0.186849,0.000193,0.000000,0.000064,0.000064,0.046728,0.003407,0.005785,1.000000,1592.0
0.017382,0.000274,0.000666,0.000000,0.000039,0.000117,0.009787,0.000117,0.000078,0.009787,0.000117,0.000078,0.000000,0.000039,0.000117,0.000117,0.026386,0.000039,0.000039,0.000000,0.000039,0.002427,0.002780,0.017108,1.000000,1662.0
0.012421,0.000037,0.000075,0.000037,0.000019,0.000075,0.001641,0.000019,0.000037,0.000093,0.000019,0.000037,0.000298,0.000000,0.000019,0.025663,0.013149,0.000112,0.000000,0.000000,0.000056,0.000727,0.001343,0.010631,1.000000,1685.0
0.025486,0.000104,0.000012,0.017953,0.000000,0.000012,0.000672,0.000417,0.000174,0.000012,0.000046,0.000023,0.000348,0.000000,0.000058,0.000000,0.004590,0.000000,0.000012,0.000012,0.000070,0.000104,0.052074,0.000394,1.000000,1847.0
0.013339,0.000052,0.000000,0.000052,0.000000,0.000026,0.001534,0.000000,0.000052,0.000000,0.000026,0.000000,0.000234,0.000000,0.000026,0.000156,0.015653,0.008035,0.000000,0.000000,0.000078,0.000442,0.001430,0.004550,1.000000,1693.0
0.067608,0.000182,0.000121,0.000061,0.000000,0.000121,0.001393,0.010359,0.000182,0.000061,0.000182,0.000000,0.000242,0.034167,0.000303,0.000121,0.014115,0.000000,0.000000,0.000000,0.002302,0.001151,0.010238,0.001272,1.000000,1789.0
0.006517,0.033368,0.000000,0.000000,0.000000,0.006517,0.010558,0.000000,0.000000,0.000130,0.000000,0.000391,0.000261,0.000000,0.000000,0.000000,0.160845,0.000000,0.000000,0.000000,0.000000,0.037278,0.000391,0.002216,1.000000,1604.0
0.018490,0.027035,0.000981,0.000280,0.000420,0.000420,0.039922,0.000000,0.000000,0.000140,0.000140,0.000000,0.000280,0.000000,0.000000,0.000000,0.180417,0.000280,0.000000,0.000000,0.000140,0.048046,0.001821,0.005883,1.000000,1602.0
0.028974,0.000072,0.000012,0.024327,0.000024,0.000120,0.001023,0.000060,0.000036,0.000000,0.000036,0.000012,0.000096,0.000012,0.000036,0.000000,0.006825,0.000000,0.000000,0.000048,0.000181,0.000373,0.040361,0.001444,1.000000,1848.0
0.028615,0.000721,0.000072,0.000072,0.001153,0.205132,0.006271,0.000000,0.000000,0.000072,0.000000,0.000072,0.000072,0.000000,0.000721,0.000072,0.109630,0.000000,0.000000,0.000144,0.000000,0.150714,0.001874,0.001297,1.000000,1568.0
0.013011,0.000069,0.000000,0.000103,0.000000,0.000034,0.001682,0.000000,0.000069,0.000103,0.000000,0.000000,0.000927,0.000000,0.000000,0.012770,0.012908,0.000034,0.000137,0.000000,0.000000,0.000721,0.001888,0.008308,1.000000,1688.0
0.004235,0.000000,0.000085,0.000028,0.000000,0.000000,0.001638,0.000000,0.000085,0.000028,0.000000,0.000000,0.000169,0.000085,0.000113,0.000028,0.011125,0.000028,0.000028,0.000000,0.009657,0.000339,0.006099,0.002485,1.000000,1759.0
0.013515,0.001138,0.020131,0.000000,0.000071,0.000356,0.032579,0.000071,0.000142,0.000782,0.000000,0.000142,0.000142,0.000000,0.000000,0.000071,0.105776,0.000000,0.000071,0.000000,0.000071,0.003486,0.001992,0.013231,1.000000,1639.0
0.035991,0.000145,0.000000,0.014984,0.000000,0.000048,0.000723,0.000867,0.000096,0.000000,0.000000,0.000000,0.000000,0.000096,0.000096,0.000000,0.005348,0.000000,0.000000,0.000048,0.000048,0.000193,0.022212,0.000675,1.000000,1844.0
0.019709,0.000258,0.000000,0.013598,0.000000,0.000000,0.002754,0.000172,0.000344,0.000000,0.000000,0.000000,0.000000,0.000172,0.000516,0.000086,0.015492,0.000000,0.000086,0.000086,0.000258,0.000947,0.035373,0.001635,1.000000,1847.0
0.013637,0.000197,0.000244,0.000094,0.000019,0.000131,0.005764,0.000066,0.000169,0.009485,0.000000,0.000216,0.000356,0.000084,0.000009,0.000281,0.019335,0.000122,0.000009,0.000037,0.000084,0.002531,0.002596,0.017020,1.000000,1665.0
0.009521,0.000219,0.000037,0.000112,0.000005,0.000197,0.001520,0.000144,0.016556,0.000016,0.000011,0.000021,0.000448,0.000011,0.000123,0.000080,0.006811,0.000016,0.000005,0.000021,0.000549,0.000571,0.004582,0.001637,1.000000,1748.0
0.065186,0.000306,0.000413,0.000183,0.000000,0.000046,0.014297,0.000061,0.000214,0.000031,0.000031,0.000031,0.000275,0.000000,0.000031,0.011377,0.020888,0.000107,0.000000,0.000000,0.000291,0.002309,0.002584,0.004603,1.000000,1684.0
0.010165,0.000399,0.000276,0.000031,0.000031,0.000092,0.003962,0.000031,0.000092,0.000061,0.000000,0.000031,0.000338,0.000061,0.000000,0.000276,0.015601,0.010103,0.000031,0.000031,0.000092,0.000491,0.002457,0.004453,1.000000,1696.0
0.021363,0.028031,0.000816,0.000000,0.000136,0.000953,0.011158,0.000408,0.000000,0.000272,0.000000,0.000680,0.000136,0.000000,0.000000,0.000136,0.181385,0.000272,0.000000,0.000136,0.000000,0.017009,0.000680,0.003266,1.000000,1607.0
0.003782,0.000066,0.000000,0.000000,0.000000,0.000013,0.000820,0.000026,0.000198,0.000026,0.000026,0.000026,0.000066,0.000000,0.000291,0.000053,0.004351,0.000000,0.000000,0.000000,0.011704,0.000172,0.003227,0.000939,1.000000,1762.0
0.010868,0.000067,0.000013,0.000027,0.000000,0.000013,0.000908,0.000067,0.000187,0.000000,0.025834,0.000000,0.000147,0.000013,0.000200,0.000027,0.004299,0.000000,0.000013,0.000000,0.000080,0.000160,0.006996,0.000627,1.000000,1818.0
0.017462,0.057077,0.000308,0.000231,0.001077,0.002077,0.015538,0.000000,0.000000,0.000000,0.000000,0.000462,0.000154,0.000000,0.000077,0.000000,0.245538,0.000000,0.000000,0.000000,0.000000,0.041154,0.002077,0.006692,1.000000,1595.0
0.004361,0.013707,0.000623,0.000000,0.000000,0.000000,0.013084,0.000000,0.000000,0.000000,0.000000,0.000623,0.000000,0.000000,0.000000,0.000000,0.061059,0.000000,0.000000,0.000000,0.000000,0.024299,0.000000,0.002492,0.333956,1605.0
0.014935,0.000373,0.000187,0.005227,0.000093,0.000093,0.003640,0.000187,0.000373,0.000000,0.000093,0.000000,0.000187,0.000187,0.000467,0.000093,0.012228,0.000280,0.000000,0.000000,0.000747,0.003174,0.037991,0.001494,1.000000,1835.0
0.015057,0.000023,0.000000,0.000000,0.000023,0.000023,0.004559,0.000000,0.000023,0.000187,0.000000,0.000047,0.000421,0.000000,0.000023,0.028266,0.007014,0.000070,0.000000,0.000094,0.000140,0.000397,0.001216,0.007107,1.000000,1689.0
0.020616,0.000292,0.000073,0.000000,0.000658,0.000292,0.007676,0.000000,0.000219,0.000000,0.000073,0.000073,0.000512,0.000146,0.000000,0.000292,0.016595,0.028803,0.000000,0.000000,0.000219,0.018642,0.002851,0.004167,1.000000,1693.0
0.023078,0.000060,0.000000,0.001683,0.000000,0.000000,0.001142,0.000000,0.000000,0.000060,0.000000,0.000000,0.000180,0.000060,0.000781,0.012020,0.009556,0.000000,0.000000,0.000060,0.000000,0.000300,0.000661,0.008294,1.000000,1680.0
0.013996,0.000023,0.000136,0.000045,0.000068,0.000091,0.003931,0.000000,0.000091,0.000023,0.000000,0.000000,0.000227,0.000636,0.000068,0.000045,0.005271,0.000091,0.000023,0.000068,0.006566,0.002295,0.007679,0.001795,1.000000,1759.0
0.006506,0.001728,0.000102,0.000051,0.000000,0.000102,0.001576,0.000000,0.013114,0.000000,0.000000,0.000000,0.000508,0.000152,0.000000,0.000203,0.008641,0.000000,0.000000,0.000102,0.000559,0.000152,0.002694,0.002745,1.000000,1739.0
0.022948,0.084713,0.000427,0.000341,0.001024,0.006569,0.033100,0.000256,0.000256,0.000427,0.000000,0.000512,0.000085,0.000256,0.000682,0.000597,0.226753,0.000171,0.000000,0.000171,0.000341,0.076267,0.004436,0.009896,1.000000,1593.0
0.013715,0.000000,0.003578,0.000000,0.000000,0.000000,0.016995,0.000000,0.000000,0.000000,0.000000,0.008050,0.000000,0.000000,0.000000,0.000000,0.039952,0.000000,0.000000,0.000000,0.000000,0.009541,0.002087,0.011032,1.000000,1628.0
0.055500,0.002973,0.000991,0.000000,0.173439,0.039643,0.033201,0.000496,0.000000,0.000496,0.000000,0.000000,0.000496,0.000000,0.000000,0.000000,0.178394,0.000496,0.000000,0.000496,0.000496,0.205649,0.005451,0.011397,1.000000,1582.0
0.037059,0.000224,0.000252,0.000014,0.015817,0.000091,0.009672,0.000014,0.000028,0.000140,0.000000,0.000147,0.000385,0.000028,0.000021,0.000035,0.008266,0.000042,0.000000,0.000021,0.000049,0.070891,0.001288,0.003275,1.000000,1570.0
0.049683,0.059962,0.000514,0.000000,0.000514,0.003426,0.030666,0.000000,0.000171,0.000343,0.000000,0.000343,0.000000,0.000000,0.000000,0.000171,0.199075,0.000000,0.000000,0.000000,0.000171,0.051910,0.001713,0.010451,1.000000,1593.0
0.045128,0.000191,0.000000,0.000038,0.000000,0.000038,0.001184,0.000076,0.000076,0.000115,0.000115,0.000038,0.000344,0.000076,0.011645,0.000076,0.007025,0.000038,0.000000,0.000000,0.000153,0.000535,0.024244,0.001222,1.000000,1799.0
0.013729,0.000742,0.000742,0.000000,0.028942,0.011874,0.038961,0.000000,0.000000,0.000371,0.000000,0.000371,0.000000,0.000000,0.000371,0.000000,0.193321,0.000000,0.000000,0.000000,0.000742,0.130983,0.003340,0.004453,1.000000,1579.0
0.046765,0.000215,0.000000,0.000480,0.000000,0.000000,0.001275,0.000116,0.000066,0.000017,0.000033,0.000017,0.000050,0.000083,0.000116,0.000017,0.009621,0.000033,0.000132,0.017504,0.000033,0.000331,0.017206,0.000845,1.000000,1872.0
0.042885,0.001949,0.000975,0.000000,0.001462,0.016569,0.010234,0.000000,0.001949,0.000487,0.000000,0.000000,0.000000,0.000000,0.000000,0.000487,0.047758,0.000000,0.000000,0.000000,0.055556,0.026803,0.011696,0.004873,1.000000,1767.0
0.025662,0.001130,0.001097,0.000066,0.000266,0.000332,0.009972,0.000166,0.000199,0.040687,0.000033,0.000266,0.000100,0.000066,0.000199,0.000266,0.079015,0.000100,0.000066,0.000033,0.000366,0.007080,0.006150,0.033441,1.000000,1656.0
0.011401,0.000096,0.000096,0.000079,0.000000,0.000052,0.002863,0.000052,0.017137,0.000009,0.000009,0.000009,0.000113,0.000044,0.000183,0.000061,0.007482,0.000035,0.000009,0.000017,0.000140,0.000986,0.002645,0.001694,1.000000,1742.0
0.010476,0.000952,0.013333,0.000000,0.000000,0.000476,0.040000,0.000000,0.000000,0.000000,0.000000,0.000000,0.000000,0.000000,0.000000,0.000000,0.080000,0.000000,0.000000,0.000000,0.000000,0.010000,0.002857,0.017143,1.000000,1639.0
0.007097,0.000113,0.000042,0.000070,0.000014,0.000056,0.000760,0.000070,0.000268,0.000042,0.000000,0.000000,0.000042,0.016110,0.000169,0.000014,0.006351,0.000014,0.000000,0.000000,0.000127,0.000282,0.005224,0.000943,1.000000,1773.0
0.024959,0.001285,0.013663,0.000135,0.000271,0.000203,0.020698,0.000068,0.000135,0.000068,0.000000,0.000135,0.000135,0.000000,0.000068,0.000338,0.095238,0.000000,0.000000,0.000000,0.000068,0.008455,0.002097,0.014610,1.000000,1638.0
0.012252,0.000000,0.000000,0.000000,0.000000,0.000000,0.003501,0.000000,0.000000,0.000000,0.000000,0.000000,0.004084,0.000000,0.000000,0.000000,0.006418,0.000583,0.000000,0.000000,0.000583,0.004084,0.004084,0.001167,0.525671,1714.0
0.027386,0.000164,0.000023,0.028300,0.000023,0.000117,0.001827,0.000937,0.000023,0.000000,0.000000,0.000000,0.000445,0.000000,0.000328,0.000047,0.012182,0.000000,0.000023,0.000023,0.000094,0.000375,0.041161,0.001007,1.000000,1843.0
0.035572,0.000219,0.000031,0.018389,0.000016,0.000063,0.001801,0.000282,0.000047,0.000016,0.000141,0.000063,0.000016,0.000031,0.000125,0.000188,0.011763,0.000031,0.000031,0.000110,0.000110,0.000830,0.045315,0.001065,1.000000,1846.0
0.029581,0.000839,0.021694,0.000012,0.000168,0.000396,0.056393,0.000024,0.000036,0.000479,0.000012,0.000228,0.000204,0.000048,0.000096,0.000144,0.082930,0.000156,0.000024,0.000024,0.000132,0.011063,0.002529,0.018075,1.000000,1638.0
0.006340,0.000000,0.000000,0.000000,0.000000,0.000070,0.001463,0.000000,0.000000,0.000000,0.000000,0.000000,0.000000,0.000209,0.002578,0.000000,0.003692,0.000070,0.000000,0.000000,0.000139,0.003274,0.013028,0.001463,1.000000,1798.0
0.041716,0.000596,0.000000,0.000000,0.000000,0.000000,0.000000,0.001192,0.000000,0.000000,0.000000,0.000000,0.000000,0.000000,0.000000,0.005959,0.018474,0.000000,0.000000,0.000596,0.000000,0.000000,0.008939,0.000000,0.133492,1678.0
0.021791,0.000083,0.000000,0.000000,0.000000,0.000166,0.001077,0.000000,0.000083,0.000083,0.000000,0.000000,0.000580,0.000166,0.000000,0.017980,0.010937,0.000000,0.000000,0.000000,0.000083,0.000580,0.001160,0.006380,1.000000,1683.0
0.076471,0.001041,0.120387,0.000071,0.000307,0.000412,0.200321,0.000095,0.000147,0.000189,0.000052,0.000274,0.000255,0.000047,0.000099,0.000114,0.078543,0.000114,0.000019,0.000043,0.000066,0.012166,0.002786,0.010785,1.000000,1633.0
0.042099,0.000000,0.000106,0.000000,0.000000,0.000000,0.002551,0.000000,0.000000,0.000000,0.000000,0.000106,0.012545,0.000213,0.000053,0.000053,0.004731,0.000000,0.000000,0.000053,0.000213,0.000319,0.006006,0.003083,1.000000,1725.0
0.003168,0.010018,0.000074,0.000147,0.000074,0.000737,0.010534,0.000000,0.000000,0.000000,0.000074,0.000147,0.000221,0.000000,0.000295,0.000147,0.178637,0.000074,0.000000,0.000516,0.000000,0.017238,0.000958,0.002726,1.000000,1609.0
0.024323,0.000313,0.000000,0.000104,0.000000,0.000035,0.000937,0.000035,0.000035,0.000000,0.000174,0.000000,0.000104,0.000122,0.019097,0.000035,0.009757,0.000000,0.000035,0.000139,0.000035,0.001146,0.011476,0.000972,1.000000,1798.0
0.006203,0.001079,0.000000,0.000000,0.000000,0.000539,0.003776,0.000000,0.000000,0.000000,0.000000,0.000000,0.000270,0.002157,0.000270,0.017260,0.015912,0.000000,0.000000,0.000270,0.000000,0.000539,0.001618,0.004854,1.000000,1671.0
0.000000,0.000000,0.000000,0.000000,0.000000,0.000000,0.000000,0.000000,0.000000,0.000000,0.000000,0.000000,0.000000,0.000000,0.000000,0.000000,0.000000,0.000000,0.000000,0.000000,0.000000,0.000000,0.000000,0.000000,0.000000,1557.0
0.010983,0.033058,0.000055,0.000055,0.000273,0.002404,0.013551,0.000055,0.000000,0.000164,0.000000,0.000273,0.000000,0.000000,0.000055,0.000055,0.241790,0.000000,0.000000,0.000000,0.000000,0.043440,0.001530,0.003552,1.000000,1597.0
0.009845,0.000436,0.000872,0.000062,0.000062,0.000000,0.011403,0.000000,0.000000,0.005857,0.000000,0.000062,0.000374,0.000000,0.000062,0.000062,0.025735,0.000125,0.000187,0.000000,0.000062,0.003427,0.002617,0.025486,1.000000,1650.0
0.028364,0.000048,0.000016,0.012142,0.000016,0.000000,0.001175,0.000286,0.000079,0.000016,0.000032,0.000000,0.000016,0.000000,0.000079,0.000032,0.005047,0.000016,0.000000,0.000000,0.000000,0.000540,0.017634,0.000587,1.000000,1847.0
0.006091,0.001040,0.000149,0.000000,0.000149,0.001040,0.015895,0.000000,0.000074,0.000074,0.000000,0.026666,0.000149,0.000000,0.000000,0.000074,0.179529,0.000149,0.000000,0.000074,0.000149,0.020129,0.002005,0.001708,1.000000,1613.0
0.018649,0.000808,0.000147,0.000029,0.023818,0.004904,0.017122,0.000029,0.000088,0.000250,0.000000,0.000162,0.000000,0.000000,0.000015,0.000000,0.171216,0.000000,0.000015,0.000000,0.000029,0.119132,0.001395,0.003363,1.000000,1580.0
0.030625,0.002170,0.000292,0.000000,0.079067,0.006133,0.022322,0.000000,0.000000,0.000417,0.000000,0.000334,0.000083,0.000042,0.000000,0.000083,0.206993,0.000000,0.000000,0.000000,0.000083,0.140193,0.002170,0.009138,1.000000,1585.0
0.020014,0.000000,0.014148,0.000000,0.000000,0.000000,0.031056,0.000000,0.000000,0.000690,0.000000,0.000000,0.000690,0.000000,0.000000,0.000000,0.046929,0.000000,0.000000,0.000345,0.000690,0.012077,0.004486,0.010352,1.000000,1644.0
0.012012,0.000000,0.000187,0.000000,0.000000,0.000047,0.001496,0.000000,0.000000,0.000000,0.000000,0.000000,0.000000,0.000000,0.000000,0.014209,0.013742,0.000000,0.000000,0.000000,0.000093,0.000467,0.001309,0.003272,1.000000,1678.0
0.023673,0.026330,0.000097,0.000000,0.000072,0.003020,0.015025,0.000048,0.000000,0.000048,0.000000,0.000072,0.000048,0.000000,0.000000,0.000024,0.215305,0.000024,0.000193,0.000024,0.000121,0.034592,0.001015,0.003164,1.000000,1600.0
0.036029,0.000239,0.000065,0.000000,0.000022,0.000022,0.007910,0.000000,0.000043,0.000000,0.000022,0.000000,0.000065,0.000022,0.000043,0.013451,0.020405,0.000000,0.000022,0.000000,0.000022,0.002934,0.002086,0.003064,1.000000,1678.0
0.017475,0.039592,0.000100,0.000000,0.000050,0.000647,0.006298,0.000012,0.000000,0.000012,0.000000,0.000050,0.000025,0.000000,0.000000,0.000012,0.235534,0.000062,0.000025,0.000000,0.000012,0.023623,0.000610,0.003435,1.000000,1599.0
0.045190,0.025419,0.000000,0.000353,0.000706,0.005649,0.012357,0.000177,0.000000,0.000000,0.000000,0.000000,0.000000,0.000000,0.000000,0.000530,0.222242,0.000000,0.000000,0.000000,0.000177,0.026478,0.002118,0.005472,1.000000,1607.0
0.043634,0.000155,0.000022,0.011783,0.000022,0.000044,0.001750,0.000332,0.000044,0.000000,0.000044,0.000000,0.000177,0.000022,0.002304,0.000022,0.008993,0.000000,0.000022,0.000022,0.000044,0.000221,0.024099,0.001240,1.000000,1836.0
0.045131,0.000112,0.000069,0.006761,0.000017,0.000069,0.000733,0.000052,0.000078,0.000000,0.000034,0.000017,0.000060,0.000043,0.000233,0.000026,0.008917,0.000052,0.000000,0.000000,0.000034,0.001026,0.028503,0.000552,1.000000,1833.0
0.008071,0.000320,0.000612,0.000014,0.000111,0.000459,0.011786,0.000070,0.000000,0.048356,0.000000,0.000139,0.000139,0.000000,0.000014,0.000056,0.066195,0.000028,0.000000,0.000000,0.000000,0.007083,0.000598,0.047257,1.000000,1655.0
0.001258,0.008805,0.000000,0.000000,0.000000,0.001258,0.006918,0.000000,0.000000,0.000000,0.000000,0.000000,0.000000,0.000000,0.000000,0.000000,0.067925,0.000000,0.000000,0.000000,0.003145,0.021384,0.001258,0.000629,0.333333,1590.0
0.034009,0.000106,0.000422,0.000000,0.000000,0.000211,0.011618,0.000000,0.000106,0.010139,0.000000,0.000000,0.000211,0.000000,0.000106,0.000211,0.017638,0.000000,0.000000,0.000000,0.000317,0.003485,0.001796,0.014364,1.000000,1668.0
0.034138,0.000547,0.000089,0.019689,0.000013,0.000051,0.002060,0.000318,0.000318,0.000013,0.000114,0.000013,0.000076,0.000064,0.000165,0.000064,0.008712,0.000000,0.000025,0.000114,0.000496,0.000903,0.034087,0.000903,1.000000,1836.0
0.020132,0.000206,0.000103,0.000000,0.000000,0.000206,0.001755,0.000103,0.000000,0.000000,0.000000,0.000413,0.000000,0.000000,0.000206,0.000000,0.010531,0.000103,0.000000,0.000103,0.021474,0.001755,0.004026,0.002375,1.000000,1759.0
0.057763,0.000745,0.001938,0.000373,0.000596,0.000149,0.044421,0.000149,0.055750,0.000075,0.000000,0.000075,0.004174,0.000000,0.000596,0.000075,0.025043,0.000373,0.000000,0.000000,0.000671,0.017813,0.006261,0.003503,1.000000,1739.0
0.023353,0.000190,0.037467,0.000000,0.000027,0.000461,0.017853,0.000000,0.000027,0.000244,0.000000,0.000298,0.000054,0.000000,0.000000,0.000108,0.028392,0.000000,0.000054,0.000000,0.000054,0.002574,0.000840,0.003928,1.000000,1630.0
0.026432,0.002026,0.030300,0.000092,0.000460,0.002763,0.039234,0.000092,0.000000,0.000184,0.000000,0.000368,0.000000,0.000000,0.000092,0.000092,0.169276,0.000000,0.000000,0.000000,0.000000,0.019985,0.006447,0.002671,1.000000,1631.0
0.017540,0.001650,0.000306,0.000000,0.052924,0.007761,0.030435,0.000061,0.000122,0.000122,0.000061,0.000794,0.000550,0.000000,0.000000,0.000122,0.153334,0.000061,0.000000,0.000061,0.000122,0.147528,0.001772,0.005745,1.000000,1586.0
0.021767,0.000000,0.000000,0.000000,0.000000,0.000000,0.003320,0.000000,0.000000,0.000000,0.000000,0.000000,0.003136,0.000000,0.000000,0.000000,0.009592,0.000184,0.000000,0.000000,0.000000,0.001107,0.003689,0.002951,1.000000,1712.0
0.002535,0.000634,0.000000,0.000000,0.020279,0.003169,0.006971,0.000000,0.000000,0.000000,0.000000,0.001901,0.001267,0.000000,0.000000,0.000000,0.034221,0.000000,0.000000,0.000000,0.000000,0.054499,0.000000,0.003802,0.292776,1578.0
0.043801,0.000706,0.035008,0.000000,0.000293,0.000717,0.077853,0.000033,0.000054,0.000152,0.000000,0.000130,0.000076,0.000000,0.000011,0.000120,0.073484,0.000174,0.000022,0.000065,0.000033,0.015368,0.001706,0.009293,1.000000,1638.0
0.048132,0.003053,0.004259,0.000000,0.000804,0.001527,0.070309,0.000000,0.000161,0.000562,0.000161,0.043471,0.001366,0.000000,0.000241,0.000241,0.161671,0.000241,0.000482,0.000000,0.000161,0.073202,0.005303,0.013017,1.000000,1612.0
0.030776,0.000363,0.000182,0.000182,0.000000,0.000182,0.002905,0.000272,0.000000,0.000091,0.000545,0.000182,0.000363,0.000091,0.000272,0.000272,0.014526,0.016523,0.000000,0.000000,0.000182,0.001362,0.003813,0.006900,1.000000,1692.0
0.019859,0.000827,0.000000,0.001241,0.000000,0.000000,0.004137,0.011585,0.000000,0.000000,0.000000,0.000000,0.000000,0.000000,0.000000,0.000000,0.007447,0.000000,0.001241,0.000000,0.000000,0.000414,0.024824,0.002896,1.000000,1867.0
0.074507,0.000527,0.000012,0.000328,0.000082,0.000082,0.000844,0.017669,0.000047,0.000000,0.000012,0.000000,0.000059,0.000082,0.000070,0.000047,0.008799,0.000012,0.000129,0.000293,0.000070,0.000398,0.016814,0.000598,1.000000,1859.0
0.014732,0.002151,0.000243,0.000081,0.000041,0.000446,0.016071,0.000000,0.000041,0.000041,0.000000,0.020575,0.000000,0.000041,0.000000,0.000162,0.194351,0.000000,0.000000,0.000000,0.000000,0.017775,0.001177,0.004545,1.000000,1626.0
0.009397,0.000165,0.000046,0.000055,0.000000,0.000055,0.001272,0.000064,0.000101,0.000027,0.000009,0.000037,0.009415,0.000000,0.000027,0.000091,0.005380,0.000064,0.000009,0.000009,0.000137,0.000650,0.002251,0.003294,1.000000,1723.0
0.012227,0.000279,0.000000,0.000000,0.000000,0.000031,0.001086,0.000000,0.000031,0.000093,0.000000,0.000000,0.000372,0.000000,0.000000,0.000434,0.007603,0.008876,0.000062,0.000000,0.000062,0.000403,0.004624,0.007572,1.000000,1691.0
0.005724,0.000572,0.000000,0.000000,0.000000,0.000000,0.006869,0.000000,0.001145,0.000000,0.000000,0.000000,0.000000,0.000000,0.000000,0.000000,0.002290,0.000000,0.000000,0.000000,0.000000,0.001145,0.005152,0.001145,0.956497,1747.0
0.016266,0.000233,0.000124,0.000000,0.000016,0.000047,0.002843,0.000078,0.000047,0.000264,0.000000,0.000124,0.000171,0.000000,0.000047,0.005267,0.013516,0.000202,0.000000,0.000031,0.000078,0.000994,0.001398,0.005546,1.000000,1673.0
0.035483,0.000054,0.000000,0.000054,0.000000,0.000054,0.003859,0.000000,0.000000,0.000054,0.000000,0.000000,0.000965,0.000000,0.000000,0.007825,0.010934,0.000161,0.000054,0.000000,0.000054,0.001286,0.002305,0.004931,1.000000,1686.0
0.043215,0.004039,0.000404,0.001212,0.033522,0.002827,0.033118,0.000000,0.000000,0.000000,0.000000,0.000808,0.000000,0.000000,0.000000,0.000000,0.198708,0.000000,0.000000,0.000000,0.000000,0.109451,0.002827,0.009289,1.000000,1589.0
0.004074,0.000131,0.000053,0.000053,0.000000,0.000000,0.004047,0.000026,0.000000,0.021183,0.000000,0.000131,0.000026,0.000026,0.000026,0.000026,0.016005,0.000184,0.000000,0.000000,0.000053,0.001051,0.003049,0.018791,1.000000,1666.0
0.014629,0.000375,0.000000,0.000000,0.017254,0.001125,0.012753,0.000000,0.000375,0.000000,0.000000,0.000000,0.000000,0.000000,0.000375,0.000000,0.019130,0.000000,0.000000,0.000000,0.000000,0.005251,0.003001,0.002251,1.000000,1582.0
0.033846,0.000343,0.000020,0.028437,0.000061,0.000343,0.001615,0.000202,0.000121,0.000000,0.000000,0.000000,0.000565,0.000061,0.000242,0.000000,0.015843,0.000424,0.000040,0.000222,0.000081,0.000989,0.043796,0.000807,1.000000,1846.0
0.020152,0.001367,0.000089,0.000030,0.035786,0.004072,0.013762,0.000030,0.000089,0.000000,0.000000,0.000059,0.000030,0.000000,0.000000,0.000000,0.239092,0.000030,0.000089,0.000000,0.000000,0.119813,0.001516,0.003299,1.000000,1584.0
0.021094,0.000683,0.000159,0.000040,0.000501,0.120113,0.014674,0.000032,0.000016,0.000143,0.000000,0.000072,0.000548,0.000016,0.000119,0.000175,0.172439,0.000040,0.000032,0.000000,0.000087,0.110158,0.001184,0.004608,1.000000,1566.0
0.077341,0.000604,0.001813,0.000000,0.000000,0.000000,0.019940,0.000000,0.000604,0.011480,0.000000,0.000000,0.000000,0.000000,0.000000,0.000604,0.018731,0.000000,0.000000,0.000000,0.000000,0.007251,0.003021,0.012085,0.988520,1655.0
0.007318,0.001126,0.000141,0.000141,0.000141,0.002815,0.038559,0.000000,0.000141,0.000000,0.000000,0.018857,0.000141,0.000000,0.000281,0.000141,0.164931,0.000000,0.000000,0.000000,0.000281,0.015339,0.001407,0.003518,1.000000,1628.0
0.008363,0.000144,0.000058,0.000029,0.000000,0.000029,0.003374,0.000000,0.000000,0.000000,0.000000,0.000000,0.000115,0.000173,0.000144,0.000000,0.004268,0.000029,0.000000,0.000000,0.004729,0.010641,0.006460,0.001327,1.000000,1757.0
0.020257,0.003233,0.000066,0.000132,0.040581,0.001584,0.011217,0.000000,0.000066,0.000132,0.000000,0.000660,0.000000,0.000000,0.000066,0.000000,0.206796,0.000000,0.000000,0.000000,0.000000,0.061168,0.000792,0.002705,1.000000,1588.0
0.015406,0.000357,0.017908,0.000036,0.000018,0.000107,0.026075,0.000018,0.000000,0.000036,0.000000,0.000447,0.000036,0.000000,0.000018,0.000036,0.108696,0.000000,0.000018,0.000000,0.000054,0.012993,0.000947,0.009633,1.000000,1641.0
0.034858,0.001660,0.029546,0.000249,0.000332,0.000166,0.053365,0.000083,0.000332,0.000249,0.000000,0.000498,0.000415,0.000000,0.000332,0.000166,0.111711,0.000332,0.000083,0.000083,0.000083,0.010540,0.006142,0.012698,1.000000,1649.0
0.075852,0.000671,0.000020,0.000296,0.000059,0.000079,0.001303,0.001126,0.000494,0.000000,0.000217,0.000039,0.000138,0.000079,0.001086,0.000059,0.010249,0.000000,0.000197,0.041747,0.000059,0.000415,0.014851,0.000829,1.000000,1874.0
0.015764,0.000371,0.027634,0.000000,0.000000,0.000000,0.047292,0.000000,0.000185,0.000000,0.000000,0.000185,0.000185,0.000000,0.000185,0.000000,0.097737,0.000185,0.000000,0.000000,0.000185,0.012982,0.001669,0.011313,1.000000,1640.0
0.045147,0.000313,0.000856,0.000052,0.000125,0.000177,0.013601,0.000021,0.000073,0.029030,0.000010,0.000084,0.000198,0.000031,0.000084,0.000021,0.025522,0.000031,0.000010,0.000010,0.000104,0.004509,0.002015,0.062652,1.000000,1656.0
0.073448,0.000276,0.000016,0.000146,0.000032,0.000162,0.001509,0.001022,0.000146,0.000065,0.000146,0.000032,0.000097,0.000146,0.000357,0.000065,0.010917,0.000049,0.000097,0.050950,0.000114,0.000681,0.012701,0.000876,1.000000,1872.0
0.009503,0.000156,0.000184,0.000014,0.000000,0.000014,0.004000,0.000071,0.000851,0.000170,0.000014,0.000113,0.015248,0.000043,0.000014,0.000184,0.013092,0.000199,0.000014,0.000014,0.000156,0.001135,0.001773,0.007347,1.000000,1710.0
0.011468,0.000573,0.000000,0.000000,0.000000,0.000000,0.001720,0.000000,0.002294,0.000000,0.000000,0.000000,0.000573,0.000000,0.000573,0.000000,0.006307,0.000000,0.000000,0.000000,0.000573,0.002867,0.002294,0.000573,0.947248,1744.0
0.005032,0.028303,0.000118,0.000039,0.000314,0.001297,0.016471,0.000000,0.000157,0.000157,0.000000,0.000118,0.000275,0.000000,0.000000,0.000000,0.184598,0.000039,0.000000,0.000000,0.000118,0.026377,0.002005,0.004639,1.000000,1607.0
